항공사,편명,출발공항,도착공항,출발시간,도착시간,운항요일,시작일자,종료일자,기종
AAR,OZ8120,CJU,TAE,07:55,09:00,월화수목금토일,2022-03-28,2022-10-29,A21N
AAR,OZ8121,TAE,CJU,09:30,10:30,월화수목금토일,2022-03-27,2022-10-29,A21N
AAR,OZ8128,CJU,TAE,17:25,18:30,월화수목금토일,2022-09-01,2022-09-30,A320
AAR,OZ8129,TAE,CJU,19:10,20:15,월화수목금토일,2022-09-01,2022-09-30,A320
AAR,OZ8140,CJU,KWJ,08:35,09:25,월화수목금토일,2022-03-28,2022-10-29,A21N
AAR,OZ8141,KWJ,CJU,09:55,10:45,월화수목금토일,2022-03-28,2022-10-29,A21N
AAR,OZ8144,CJU,KWJ,13:10,14:05,월화수목금토일,2022-03-27,2022-10-29,A21N
AAR,OZ8145,KWJ,CJU,14:40,15:30,월화수목금토일,2022-03-27,2022-10-29,A21N
AAR,OZ8148,CJU,KWJ,17:45,18:40,월화수목금토일,2022-03-27,2022-10-29,A21N
AAR,OZ8149,KWJ,CJU,19:20,20:15,월화수목금토일,2022-03-27,2022-10-29,A21N
AAR,OZ8196,CJU,RSU,10:15,11:05,월화수목금토일,2022-03-27,2022-10-29,A21N
AAR,OZ8197,RSU,CJU,11:45,12:35,월화수목금토일,2022-03-27,2022-10-29,A21N
AAR,OZ8198,CJU,RSU,14:35,15:25,월화수목금토일,2022-09-01,2022-09-30,A320
AAR,OZ8199,RSU,CJU,16:00,16:50,월화수목금토일,2022-09-01,2022-09-30,A320
AAR,OZ8231,CJJ,CJU,06:50,08:00,월화수목금토일,2022-03-28,2022-10-29,A21N
AAR,OZ8234,CJU,CJJ,15:10,16:20,월화수목금토일,2022-03-27,2022-10-29,A21N
AAR,OZ8235,CJJ,CJU,17:10,18:20,월화수목금토일,2022-03-27,2022-10-29,A21N
AAR,OZ8236,CJU,CJJ,20:35,21:40,월화수목금토일,2022-03-27,2022-10-29,A21N
AAR,OZ8703,GMP,KWJ,09:05,10:00,월화수목금토일,2022-09-01,2022-09-30,A320
AAR,OZ8704,KWJ,GMP,10:35,11:40,월화수목금토일,2022-09-01,2022-09-30,A320
AAR,OZ8707,GMP,KWJ,15:50,16:45,월화수목금토일,2022-03-27,2022-10-29,A21N
AAR,OZ8707,GMP,KWJ,15:50,16:45,목,2022-09-15,2022-09-15,A321
AAR,OZ8708,KWJ,GMP,17:20,18:10,월화수목금토일,2022-03-27,2022-10-29,A21N
AAR,OZ8708,KWJ,GMP,17:20,18:10,목,2022-09-15,2022-09-15,A321
AAR,OZ8733,GMP,RSU,08:20,09:15,월화수목금토일,2022-03-28,2022-10-29,A21N
AAR,OZ8733,GMP,RSU,08:20,09:15,목,2022-09-15,2022-09-15,A321
AAR,OZ8734,RSU,GMP,09:50,10:45,월화수목금토일,2022-03-27,2022-10-29,A21N
AAR,OZ8734,RSU,GMP,09:50,10:45,목,2022-09-15,2022-09-15,A321
AAR,OZ8735,GMP,RSU,16:20,17:15,월화수목금토일,2022-03-27,2022-10-29,A21N
AAR,OZ8736,RSU,GMP,17:50,18:45,월화수목금토일,2022-03-27,2022-10-29,A21N
AAR,OZ8900,CJU,GMP,06:30,07:40,월화수목금토일,2022-03-27,2022-10-29,A21N
AAR,OZ8901,GMP,CJU,06:05,07:15,월화수목금토일,2022-03-28,2022-10-29,A21N
AAR,OZ8901,GMP,CJU,06:05,07:15,목,2022-09-15,2022-09-15,A321
AAR,OZ8902,CJU,GMP,06:40,07:50,월화수목금토일,2022-03-27,2022-10-29,A21N
AAR,OZ8903,GMP,CJU,06:25,07:35,월화수목금토일,2022-03-28,2022-10-29,A21N
AAR,OZ8904,CJU,GMP,07:55,09:05,월화수목금토일,2022-03-28,2022-10-29,A21N
AAR,OZ8904,CJU,GMP,07:55,09:05,목,2022-09-15,2022-09-15,A321
AAR,OZ8906,CJU,GMP,08:20,09:30,월화수목금토일,2022-03-28,2022-10-29,A21N
AAR,OZ8911,GMP,CJU,06:40,07:50,월화수목금토일,2022-06-20,2022-10-29,A21N
AAR,OZ8912,CJU,GMP,08:45,09:55,월화수목금토일,2022-06-20,2022-10-29,A21N
AAR,OZ8913,GMP,CJU,07:25,08:35,월화수목금토일,2022-03-28,2022-10-29,B767
AAR,OZ8913,GMP,CJU,07:25,08:35,목,2022-09-15,2022-09-15,A321
AAR,OZ8914,CJU,GMP,09:20,10:30,월화수목금토일,2022-03-27,2022-10-29,B767
AAR,OZ8914,CJU,GMP,09:20,10:30,목,2022-09-15,2022-09-15,A321
AAR,OZ8915,GMP,CJU,07:45,09:05,월화수목금일,2022-09-01,2022-09-30,B772
AAR,OZ8915,GMP,CJU,07:45,09:05,토,2022-09-01,2022-09-30,A321
AAR,OZ8916,CJU,GMP,09:55,11:00,월화수목금일,2022-09-01,2022-09-30,B772
AAR,OZ8916,CJU,GMP,09:55,11:00,토,2022-09-01,2022-09-30,A321
AAR,OZ8917,GMP,CJU,10:05,11:20,월화수목금토일,2022-03-27,2022-10-29,A21N
AAR,OZ8918,CJU,GMP,11:10,12:15,월화수목금토일,2022-03-27,2022-10-29,A21N
AAR,OZ8920,CJU,GMP,10:20,11:30,월화수목금토일,2022-03-27,2022-10-29,A21N
AAR,OZ8921,GMP,CJU,08:20,09:35,월화수목금토일,2022-03-27,2022-10-29,A21N
AAR,OZ8922,CJU,GMP,12:10,13:20,월화수목금토일,2022-03-27,2022-10-29,A21N
AAR,OZ8924,CJU,GMP,12:35,13:45,월화수목금토일,2022-06-20,2022-10-29,A21N
AAR,OZ8925,GMP,CJU,08:30,09:40,월화수목금토일,2022-03-27,2022-10-29,A21N
AAR,OZ8927,GMP,CJU,09:50,11:00,월화수목금토일,2022-03-27,2022-10-29,A21N
AAR,OZ8931,GMP,CJU,10:15,11:25,월화수목금토일,2022-03-27,2022-10-29,A21N
AAR,OZ8932,CJU,GMP,13:10,14:20,월화수목금토일,2022-03-27,2022-10-29,B767
AAR,OZ8932,CJU,GMP,13:10,14:20,목,2022-09-15,2022-09-15,A321
AAR,OZ8935,GMP,CJU,10:40,11:50,월화수목금토일,2022-06-20,2022-10-29,A21N
AAR,OZ8936,CJU,GMP,14:00,15:10,토,2022-09-01,2022-09-30,A321
AAR,OZ8936,CJU,GMP,14:15,15:25,월수,2022-09-01,2022-09-30,B772
AAR,OZ8936,CJU,GMP,14:00,15:10,화목금일,2022-09-01,2022-09-30,B772
AAR,OZ8937,GMP,CJU,06:10,07:20,월화수목금토일,2022-03-27,2022-10-29,A21N
AAR,OZ8938,CJU,GMP,20:45,21:55,월화수목금토일,2022-09-01,2022-09-30,A320
AAR,OZ8939,GMP,CJU,13:25,14:30,월화수목금토일,2022-03-27,2022-10-29,A21N
AAR,OZ8940,CJU,GMP,13:40,14:50,월화수목금토일,2022-03-27,2022-10-29,A21N
AAR,OZ8941,GMP,CJU,11:15,12:25,월화수목금토일,2022-03-27,2022-10-29,B767
AAR,OZ8941,GMP,CJU,11:15,12:25,목,2022-09-15,2022-09-15,A321
AAR,OZ8943,GMP,CJU,12:00,13:05,수,2022-09-01,2022-09-30,B772
AAR,OZ8943,GMP,CJU,11:55,13:05,월화목금일,2022-09-01,2022-09-30,B772
AAR,OZ8943,GMP,CJU,11:55,13:05,토,2022-09-01,2022-09-30,A321
AAR,OZ8944,CJU,GMP,14:10,15:20,월화수목금토일,2022-03-27,2022-10-29,A21N
AAR,OZ8947,GMP,CJU,12:20,13:35,월화수목금토일,2022-03-27,2022-10-29,A21N
AAR,OZ8948,CJU,GMP,14:20,15:30,월화수목금토일,2022-03-27,2022-10-29,A21N
AAR,OZ8950,CJU,GMP,15:40,16:50,월화수목금토일,2022-03-27,2022-10-29,A21N
AAR,OZ8951,GMP,CJU,13:55,15:05,월화수목금토일,2022-03-27,2022-10-29,A21N
AAR,OZ8953,GMP,CJU,14:05,15:10,월화수목금토일,2022-03-27,2022-10-29,A21N
AAR,OZ8956,CJU,GMP,15:55,17:05,월화수목금토일,2022-03-27,2022-10-29,A21N
AAR,OZ8957,GMP,CJU,14:25,15:30,월화수목금토일,2022-06-19,2022-10-29,A21N
AAR,OZ8961,GMP,CJU,14:55,16:05,화수금토일,2022-03-27,2022-10-29,A21N
AAR,OZ8961,GMP,CJU,15:15,16:30,월목,2022-03-27,2022-10-29,A21N
AAR,OZ8962,CJU,GMP,16:25,17:35,월화수목금토일,2022-06-19,2022-10-29,A21N
AAR,OZ8963,GMP,CJU,15:05,16:15,월화수목금토일,2022-03-27,2022-10-29,B767
AAR,OZ8963,GMP,CJU,15:05,16:15,목,2022-09-15,2022-09-15,A321
AAR,OZ8964,CJU,GMP,17:20,18:30,월목,2022-03-27,2022-10-29,A21N
AAR,OZ8964,CJU,GMP,16:55,18:05,화수금토일,2022-03-27,2022-10-29,A21N
AAR,OZ8967,GMP,CJU,16:35,17:50,월화수목,2022-09-01,2022-09-30,B772
AAR,OZ8967,GMP,CJU,16:35,17:50,금토일,2022-09-01,2022-09-30,A333
AAR,OZ8970,CJU,GMP,17:00,18:10,월화수목금토일,2022-03-27,2022-10-29,B767
AAR,OZ8970,CJU,GMP,17:00,18:10,목,2022-09-15,2022-09-15,A321
AAR,OZ8971,GMP,CJU,15:55,17:10,월화수목금토일,2022-03-27,2022-10-29,A21N
AAR,OZ8972,CJU,GMP,18:45,19:55,월화수목,2022-09-01,2022-09-30,B772
AAR,OZ8972,CJU,GMP,18:45,19:55,금토일,2022-09-01,2022-09-30,A333
AAR,OZ8973,GMP,CJU,17:50,19:00,월화수목금토일,2022-03-27,2022-10-29,A21N
AAR,OZ8974,CJU,GMP,20:50,22:00,월화수목금토일,2022-09-01,2022-10-29,A321
AAR,OZ8974,CJU,GMP,20:50,22:00,목,2022-09-15,2022-09-15,A321
AAR,OZ8978,CJU,GMP,20:50,22:00,월화수목금토일,2022-06-27,2022-10-29,A21N
AAR,OZ8980,CJU,GMP,19:00,20:10,월화수목금토일,2022-03-27,2022-10-29,A21N
AAR,OZ8981,GMP,CJU,18:25,19:35,월화수목금토일,2022-06-19,2022-10-29,A21N
AAR,OZ8982,CJU,GMP,19:30,20:40,월화수목금토일,2022-03-27,2022-10-29,A21N
AAR,OZ8983,GMP,CJU,18:45,19:55,월화수목금토일,2022-03-27,2022-10-29,A21N
AAR,OZ8985,GMP,CJU,18:55,20:05,월화수목금토일,2022-06-27,2022-10-29,A21N
AAR,OZ8985,GMP,CJU,18:55,20:05,목,2022-09-15,2022-09-15,A321
AAR,OZ8986,CJU,GMP,19:50,21:00,월화수목금토일,2022-03-27,2022-10-29,A21N
AAR,OZ8987,GMP,CJU,17:40,18:55,월화수목금토일,2022-03-27,2022-10-29,A21N
AAR,OZ8988,CJU,GMP,16:35,17:50,월화수목금토일,2022-03-27,2022-10-29,A21N
AAR,OZ8989,GMP,CJU,12:50,13:55,월화수목금토일,2022-09-01,2022-09-30,A320
AAR,OZ8990,CJU,GMP,11:40,12:45,월화수목금토일,2022-03-27,2022-10-29,A21N
AAR,OZ8991,GMP,CJU,19:20,20:35,월화수목금토일,2022-03-27,2022-10-29,A21N
AAR,OZ8992,CJU,GMP,20:20,21:30,월화수목금토일,2022-06-19,2022-10-29,A21N
AAR,OZ8993,GMP,CJU,20:50,22:00,월화수목금토일,2022-03-27,2022-10-29,A21N
AAR,OZ8995,GMP,CJU,21:20,22:30,월화수목금토일,2022-03-27,2022-10-29,A21N
AAR,OZ8996,CJU,GMP,20:55,22:05,월화수목금토일,2022-03-27,2022-10-29,A21N
AAR,OZ8998,CJU,GMP,21:10,22:20,월화수목금토일,2022-03-27,2022-10-29,A21N
ABL,BX8010,CJU,GMP,16:20,17:30,목,2022-09-09,2022-09-30,A321
ABL,BX8010,CJU,GMP,16:20,17:30,월화수금토일,2022-09-09,2022-09-30,A21N
ABL,BX8011,GMP,CJU,06:55,08:05,화수목금일,2022-03-27,2022-10-29,A21N
ABL,BX8011,GMP,CJU,06:55,08:05,월토,2022-08-01,2022-10-29,A21N
ABL,BX8012,CJU,GMP,19:05,20:15,월화금,2022-03-27,2022-09-30,A21N
ABL,BX8013,GMP,CJU,07:20,08:30,월화수목토일,2022-03-27,2022-09-30,A21N
ABL,BX8014,CJU,GMP,21:15,22:25,수토일,2022-03-27,2022-10-29,A21N
ABL,BX8015,GMP,CJU,18:10,19:20,목,2022-09-09,2022-09-30,A321
ABL,BX8015,GMP,CJU,18:10,19:20,월화수금토일,2022-09-09,2022-09-30,A21N
ABL,BX8018,CJU,GMP,19:35,20:45,월화수목금토일,2022-07-01,2022-10-29,A21N
ABL,BX8019,GMP,CJU,17:45,18:55,월화수목금토일,2022-07-01,2022-10-29,A21N
ABL,BX8020,CJU,GMP,16:55,18:05,목,2022-03-27,2022-10-29,A21N
ABL,BX8020,CJU,GMP,17:05,18:15,화,2022-03-27,2022-10-29,A21N
ABL,BX8021,GMP,CJU,15:05,16:15,월화수목금토일,2022-04-29,2022-10-29,A21N
ABL,BX8021,GMP,CJU,15:05,16:15,목,2022-09-15,2022-09-15,A321
ABL,BX8022,CJU,GMP,20:40,21:50,화금,2022-03-27,2022-10-29,A21N
ABL,BX8023,GMP,CJU,18:50,19:55,금,2022-03-27,2022-10-29,A21N
ABL,BX8023,GMP,CJU,18:50,20:00,화,2022-03-27,2022-10-29,A21N
ABL,BX8024,CJU,GMP,20:00,21:20,목,2022-09-09,2022-09-30,A321
ABL,BX8024,CJU,GMP,20:00,21:20,월,2022-09-09,2022-09-30,A21N
ABL,BX8025,GMP,CJU,08:50,10:00,목,2022-09-10,2022-09-30,A321
ABL,BX8025,GMP,CJU,08:50,10:00,화,2022-09-10,2022-09-30,A21N
ABL,BX8026,CJU,GMP,09:40,10:50,월화수목금토일,2022-04-29,2022-10-29,A21N
ABL,BX8026,CJU,GMP,09:40,10:50,목,2022-09-15,2022-09-15,A321
ABL,BX8027,GMP,CJU,07:50,09:00,수토,2022-03-27,2022-10-29,A21N
ABL,BX8028,CJU,GMP,13:20,14:20,월화수목금토일,2022-04-29,2022-10-29,A21N
ABL,BX8028,CJU,GMP,13:20,14:20,목,2022-09-15,2022-09-15,A321
ABL,BX8029,GMP,CJU,11:25,12:30,월화수목금토일,2022-04-29,2022-10-29,A21N
ABL,BX8029,GMP,CJU,11:25,12:30,목,2022-09-15,2022-09-15,A321
ABL,BX8040,CJU,GMP,09:05,10:15,월금일,2022-03-27,2022-10-29,A21N
ABL,BX8040,CJU,GMP,10:05,11:15,화수목토,2022-07-01,2022-10-29,A21N
ABL,BX8041,GMP,CJU,07:30,08:30,월금일,2022-03-27,2022-10-29,A21N
ABL,BX8041,GMP,CJU,08:15,09:25,화수목토,2022-07-01,2022-10-29,A21N
ABL,BX8042,CJU,GMP,15:05,16:15,목,2022-03-27,2022-10-29,A21N
ABL,BX8042,CJU,GMP,15:35,16:45,토,2022-03-27,2022-10-29,A21N
ABL,BX8042,CJU,GMP,13:40,14:50,월화수금일,2022-07-01,2022-10-29,A21N
ABL,BX8043,GMP,CJU,11:50,13:00,월화수목금토일,2022-07-01,2022-10-29,A21N
ABL,BX8100,CJU,PUS,08:30,09:30,월화수목금토일,2022-03-27,2022-10-29,A21N
ABL,BX8100,CJU,PUS,08:30,09:30,화목금,2022-09-01,2022-10-29,A321
ABL,BX8100,CJU,PUS,08:30,09:30,월수토일,2022-08-01,2022-09-30,A21N
ABL,BX8101,PUS,CJU,06:50,07:55,화목금,2022-09-01,2022-10-29,A321
ABL,BX8101,PUS,CJU,06:50,07:55,월수토일,2022-08-01,2022-09-30,A21N
ABL,BX8102,CJU,PUS,09:30,10:30,월금일,2022-03-27,2022-10-29,A21N
ABL,BX8102,CJU,PUS,09:40,10:40,토,2022-08-01,2022-10-29,A21N
ABL,BX8102,CJU,PUS,09:40,10:40,화수목,2022-05-01,2022-09-30,A21N
ABL,BX8103,PUS,CJU,07:40,08:40,금,2022-09-01,2022-09-15,A21N
ABL,BX8104,CJU,PUS,10:40,11:40,화,2022-03-27,2022-10-29,A21N
ABL,BX8104,CJU,PUS,10:40,11:40,금,2022-09-10,2022-09-30,A321
ABL,BX8106,CJU,PUS,09:10,10:10,월화수목금토일,2022-09-01,2022-09-15,A21N
ABL,BX8107,PUS,CJU,07:35,08:35,수,2022-03-27,2022-10-29,A21N
ABL,BX8107,PUS,CJU,07:20,08:35,토,2022-08-01,2022-10-29,A21N
ABL,BX8107,PUS,CJU,07:20,08:35,월화목금일,2022-05-01,2022-09-30,A21N
ABL,BX8107,PUS,CJU,07:20,08:35,목,2022-09-15,2022-09-15,A321
ABL,BX8110,CJU,PUS,14:55,16:05,목,2022-09-15,2022-09-15,A21N
ABL,BX8110,CJU,PUS,14:55,16:00,월화수금토일,2022-05-01,2022-09-30,A21N
ABL,BX8110,CJU,PUS,14:55,16:05,목,2022-09-01,2022-09-30,A321
ABL,BX8111,PUS,CJU,13:20,14:20,목,2022-09-15,2022-09-15,A21N
ABL,BX8111,PUS,CJU,13:20,14:20,월화수금토일,2022-08-01,2022-09-30,A21N
ABL,BX8111,PUS,CJU,13:20,14:20,목,2022-09-01,2022-09-30,A321
ABL,BX8112,CJU,PUS,16:30,17:30,화수목금토일,2022-05-01,2022-10-29,A21N
ABL,BX8112,CJU,PUS,16:30,17:35,월,2022-08-01,2022-10-29,A321
ABL,BX8112,CJU,PUS,16:30,17:30,목금,2022-08-01,2022-10-29,A321
ABL,BX8113,PUS,CJU,15:00,15:55,월화수목금토일,2022-05-01,2022-10-29,A21N
ABL,BX8113,PUS,CJU,15:00,15:55,월목금,2022-08-01,2022-10-29,A321
ABL,BX8115,PUS,CJU,14:40,15:40,월화수금토일,2022-09-09,2022-09-30,A21N
ABL,BX8115,PUS,CJU,14:40,15:40,목,2022-09-09,2022-09-30,A321
ABL,BX8116,CJU,PUS,18:35,19:30,월수목,2022-03-27,2022-10-29,A21N
ABL,BX8116,CJU,PUS,18:35,19:35,토일,2022-04-24,2022-09-30,A21N
ABL,BX8117,PUS,CJU,16:40,17:40,월수목토일,2022-04-24,2022-09-30,A21N
ABL,BX8118,CJU,PUS,20:00,21:05,화수금토일,2022-03-27,2022-10-29,A21N
ABL,BX8131,PUS,CJU,19:40,20:40,수토일,2022-03-27,2022-10-29,A21N
ABL,BX8132,CJU,PUS,17:00,18:00,월수목토일,2022-07-29,2022-10-29,A21N
ABL,BX8132,CJU,PUS,17:00,18:00,목,2022-09-15,2022-09-15,A321
ABL,BX8133,PUS,CJU,08:00,09:00,월화목금일,2022-07-29,2022-10-29,A21N
ABL,BX8134,CJU,PUS,19:05,20:00,화,2022-03-27,2022-10-29,A21N
ABL,BX8134,CJU,PUS,19:05,20:05,토,2022-03-27,2022-10-29,A21N
ABL,BX8135,PUS,CJU,17:30,18:30,수,2022-03-27,2022-10-29,A21N
ABL,BX8135,PUS,CJU,17:35,18:30,월화금토,2022-03-27,2022-09-30,A21N
ABL,BX8136,CJU,PUS,08:40,09:40,화수목금일,2022-03-27,2022-10-29,A21N
ABL,BX8136,CJU,PUS,08:40,09:40,월토,2022-08-01,2022-10-29,A321
ABL,BX8138,CJU,PUS,19:35,20:30,월목,2022-08-01,2022-10-29,A321
ABL,BX8138,CJU,PUS,19:35,20:30,화수토일,2022-08-01,2022-10-29,A321
ABL,BX8139,PUS,CJU,18:05,19:00,수,2022-08-01,2022-10-29,A321
ABL,BX8139,PUS,CJU,18:05,19:00,월,2022-08-01,2022-10-29,A321
ABL,BX8139,PUS,CJU,18:00,19:00,화토일,2022-08-01,2022-10-29,A321
ABL,BX8139,PUS,CJU,18:00,19:00,목,2022-08-01,2022-10-29,A321
ABL,BX8172,CJU,PUS,18:40,19:30,월,2022-08-01,2022-10-29,A21N
ABL,BX8172,CJU,PUS,18:40,19:30,월,2022-09-01,2022-09-18,A21N
ABL,BX8172,CJU,PUS,18:40,19:40,금토,2022-09-01,2022-09-18,A21N
ABL,BX8173,PUS,CJU,17:00,18:05,월금토,2022-09-01,2022-09-18,A21N
ABL,BX8182,CJU,PUS,13:10,14:10,화수토일,2022-05-01,2022-10-29,A21N
ABL,BX8182,CJU,PUS,13:10,14:10,월목금,2022-08-01,2022-10-29,A321
ABL,BX8183,PUS,CJU,11:35,12:35,화수토일,2022-05-01,2022-10-29,A21N
ABL,BX8183,PUS,CJU,11:35,12:35,월목금,2022-08-01,2022-10-29,A321
ABL,BX8300,CJU,USN,10:40,11:40,월화수목금토일,2022-03-27,2022-10-29,A320
ABL,BX8301,USN,CJU,09:00,10:00,월화수목금토일,2022-03-27,2022-10-29,A320
ABL,BX8306,CJU,USN,17:45,18:55,월화수목금토일,2022-03-27,2022-10-29,A320
ABL,BX8307,USN,CJU,16:00,17:10,월화수목금토일,2022-03-27,2022-10-29,A320
ABL,BX8800,PUS,GMP,07:00,07:55,월화수목금토,2022-07-27,2022-10-29,A21N
ABL,BX8800,PUS,GMP,07:00,07:55,목,2022-09-15,2022-09-15,A321
ABL,BX8802,PUS,GMP,08:00,08:55,월화수목토일,2022-08-01,2022-10-29,A321
ABL,BX8802,PUS,GMP,08:00,08:55,금,2022-09-01,2022-10-29,A321
ABL,BX8803,GMP,PUS,07:30,08:25,월화수목금토일,2022-03-27,2022-10-29,A320
ABL,BX8804,PUS,GMP,09:00,09:55,월화수목금토일,2022-05-01,2022-10-29,A320
ABL,BX8805,GMP,PUS,08:30,09:25,월화수목금토,2022-07-27,2022-10-29,A21N
ABL,BX8805,GMP,PUS,08:30,09:25,목,2022-09-15,2022-09-15,A321
ABL,BX8806,PUS,GMP,10:00,10:55,월화수목금토일,2022-07-27,2022-10-29,A21N
ABL,BX8806,PUS,GMP,10:00,10:55,목,2022-09-15,2022-09-15,A321
ABL,BX8807,GMP,PUS,09:30,10:25,월화수목토일,2022-08-01,2022-10-29,A321
ABL,BX8807,GMP,PUS,09:30,10:25,금,2022-09-01,2022-10-29,A321
ABL,BX8808,PUS,GMP,11:00,11:55,월화수목토일,2022-08-01,2022-10-29,A321
ABL,BX8808,PUS,GMP,11:00,11:55,금,2022-09-01,2022-10-29,A321
ABL,BX8809,GMP,PUS,10:30,11:25,월화수목금토일,2022-05-01,2022-10-29,A320
ABL,BX8811,GMP,PUS,11:50,13:00,월화수목금토일,2022-09-08,2022-10-29,A321
ABL,BX8811,GMP,PUS,11:50,13:00,목,2022-09-15,2022-09-15,A321
ABL,BX8812,PUS,GMP,13:00,13:55,월화수목금토일,2022-05-01,2022-10-29,A320
ABL,BX8813,GMP,PUS,13:10,14:05,월,2022-09-08,2022-10-29,A321
ABL,BX8813,GMP,PUS,13:10,14:00,화수목토일,2022-09-08,2022-10-29,A321
ABL,BX8813,GMP,PUS,13:10,14:05,금,2022-09-08,2022-10-29,A321
ABL,BX8814,PUS,GMP,14:00,14:55,수,2022-09-01,2022-10-29,A320
ABL,BX8814,PUS,GMP,14:00,14:55,월화목금토일,2022-09-01,2022-10-29,A321
ABL,BX8816,PUS,GMP,15:00,15:55,화목일,2022-08-01,2022-10-29,A321
ABL,BX8816,PUS,GMP,15:00,15:55,금,2022-09-01,2022-10-29,A321
ABL,BX8816,PUS,GMP,15:00,15:55,월수토,2022-09-01,2022-10-29,A320
ABL,BX8817,GMP,PUS,14:30,15:25,월화수목금토일,2022-05-01,2022-10-29,A320
ABL,BX8818,PUS,GMP,16:00,16:55,월화수목금일,2022-08-01,2022-10-29,A321
ABL,BX8818,PUS,GMP,16:00,16:55,금,2022-08-01,2022-10-29,A320
ABL,BX8818,PUS,GMP,16:00,16:55,목,2022-09-15,2022-09-15,A321
ABL,BX8819,GMP,PUS,15:30,16:25,수,2022-09-01,2022-10-29,A320
ABL,BX8819,GMP,PUS,15:30,16:25,월화목금토일,2022-09-01,2022-10-29,A321
ABL,BX8820,PUS,GMP,17:00,17:55,수,2022-09-01,2022-10-29,A320
ABL,BX8820,PUS,GMP,17:00,17:55,월화목금토일,2022-09-01,2022-10-29,A321
ABL,BX8821,GMP,PUS,16:30,17:25,화일,2022-08-01,2022-10-29,A321
ABL,BX8821,GMP,PUS,16:30,17:35,목,2022-08-01,2022-10-29,A321
ABL,BX8821,GMP,PUS,16:30,17:35,수,2022-08-01,2022-10-29,A320
ABL,BX8821,GMP,PUS,16:30,17:25,금,2022-09-01,2022-10-29,A321
ABL,BX8821,GMP,PUS,16:30,17:25,월토,2022-09-01,2022-10-29,A320
ABL,BX8822,PUS,GMP,18:00,18:55,화목일,2022-08-01,2022-10-29,A321
ABL,BX8822,PUS,GMP,18:00,18:55,금,2022-09-01,2022-10-29,A321
ABL,BX8822,PUS,GMP,18:00,18:55,월수토,2022-09-01,2022-10-29,A320
ABL,BX8823,GMP,PUS,17:30,18:25,월화수목금일,2022-08-01,2022-10-29,A321
ABL,BX8823,GMP,PUS,17:30,18:25,토,2022-08-01,2022-10-29,A320
ABL,BX8823,GMP,PUS,17:30,18:25,목,2022-09-15,2022-09-15,A321
ABL,BX8824,PUS,GMP,19:00,19:55,월화수목금일,2022-08-01,2022-10-29,A321
ABL,BX8824,PUS,GMP,19:00,19:55,토,2022-08-01,2022-10-29,A320
ABL,BX8824,PUS,GMP,19:00,19:55,목,2022-09-15,2022-09-15,A321
ABL,BX8825,GMP,PUS,18:50,20:00,월화수목금토일,2022-09-08,2022-10-29,A321
ABL,BX8825,GMP,PUS,18:50,20:00,목,2022-09-15,2022-09-15,A321
ABL,BX8826,PUS,GMP,20:00,20:55,월화수목금토일,2022-07-28,2022-10-29,A21N
ABL,BX8826,PUS,GMP,20:00,20:55,목,2022-09-15,2022-09-15,A321
ABL,BX8827,GMP,PUS,19:50,21:00,월수토,2022-09-08,2022-10-29,A320
ABL,BX8827,GMP,PUS,19:50,21:05,금,2022-09-08,2022-10-29,A321
ABL,BX8827,GMP,PUS,19:50,21:00,화,2022-09-08,2022-10-29,A321
ABL,BX8827,GMP,PUS,19:50,21:05,목일,2022-09-08,2022-10-29,A321
ABL,BX8828,PUS,GMP,21:00,21:55,월화수목금토일,2022-07-28,2022-10-29,A320
ABL,BX8829,GMP,PUS,20:30,21:35,월화수목금일,2022-08-01,2022-10-29,A321
ABL,BX8829,GMP,PUS,20:30,21:35,토,2022-08-01,2022-10-29,A320
ABL,BX8829,GMP,PUS,20:30,21:35,목,2022-09-15,2022-09-15,A321
ABL,BX8830,PUS,GMP,21:30,22:25,금일,2022-08-01,2022-10-29,A321
ABL,BX8831,GMP,PUS,21:30,22:35,금일,2022-03-27,2022-10-29,A21N
ABL,BX8870,PUS,GMP,16:35,17:30,금일,2022-09-01,2022-09-30,A320
ABL,BX8871,GMP,PUS,18:05,19:05,금일,2022-09-01,2022-09-30,A320
ABL,BX8872,PUS,GMP,17:35,18:30,금일,2022-09-01,2022-09-30,A320
ABL,BX8873,GMP,PUS,19:05,20:05,금일,2022-09-01,2022-09-30,A320
ABL,BX8876,PUS,GMP,19:35,20:30,금일,2022-09-01,2022-09-30,A320
ABL,BX8877,GMP,PUS,21:05,22:10,금일,2022-09-01,2022-09-30,A320
ABL,BX8891,GMP,USN,07:30,08:25,월화수목금토일,2022-03-27,2022-10-29,A320
ABL,BX8892,USN,GMP,12:35,13:35,월화수목,2022-08-29,2022-09-18,A320
ABL,BX8892,USN,GMP,12:35,13:35,금토일,2022-08-29,2022-09-18,A320
ABL,BX8893,GMP,USN,14:15,15:15,월화수목,2022-08-29,2022-09-18,A320
ABL,BX8893,GMP,USN,14:15,15:15,금토일,2022-08-29,2022-09-18,A320
ABL,BX8894,USN,GMP,19:30,20:30,월화수목금토일,2022-03-27,2022-10-29,A320
ASV,RS901,GMP,CJU,06:00,07:00,월화목,2022-03-28,2022-10-27,A21N
ASV,RS901,GMP,CJU,06:00,07:00,수금토일,2022-03-30,2022-10-29,A21N
ASV,RS902,CJU,GMP,07:35,08:45,월화목,2022-03-28,2022-10-27,A21N
ASV,RS902,CJU,GMP,07:30,08:40,수금토일,2022-03-30,2022-10-29,A21N
ASV,RS903,GMP,CJU,09:15,10:25,월화수목,2022-03-28,2022-10-27,A21N
ASV,RS903,GMP,CJU,10:50,12:00,금,2022-04-01,2022-10-29,A21N
ASV,RS904,CJU,GMP,11:00,12:10,월화수목,2022-03-28,2022-10-27,A21N
ASV,RS904,CJU,GMP,13:05,14:15,금,2022-04-01,2022-10-29,A21N
ASV,RS905,GMP,CJU,13:20,14:30,토,2022-04-02,2022-10-29,A21N
ASV,RS905,GMP,CJU,12:50,14:00,일,2022-03-27,2022-10-23,A21N
ASV,RS906,CJU,GMP,15:05,16:15,토,2022-04-02,2022-10-29,A21N
ASV,RS906,CJU,GMP,14:40,15:50,일,2022-03-27,2022-10-23,A21N
ASV,RS907,GMP,CJU,17:45,18:55,일,2022-03-27,2022-10-23,A21N
ASV,RS907,GMP,CJU,18:00,19:10,월수토,2022-03-28,2022-10-29,A21N
ASV,RS907,GMP,CJU,18:00,19:10,화목,2022-03-29,2022-10-27,A21N
ASV,RS907,GMP,CJU,17:35,18:45,금,2022-04-01,2022-10-28,A21N
ASV,RS908,CJU,GMP,19:30,20:40,일,2022-03-27,2022-10-23,A21N
ASV,RS908,CJU,GMP,19:45,20:55,월수토,2022-03-28,2022-10-29,A21N
ASV,RS908,CJU,GMP,20:05,21:15,화목,2022-03-29,2022-10-27,A21N
ASV,RS908,CJU,GMP,19:25,20:35,금,2022-04-01,2022-10-28,A21N
ASV,RS921,GMP,CJU,09:05,10:05,목,2022-09-15,2022-09-15,A321
ASV,RS922,CJU,GMP,11:30,12:40, ,2022-09-15,2022-09-15,A321
ASV,RS927,GMP,CJU,19:35,20:45,목,2022-09-15,2022-09-15,A321
ASV,RS928,CJU,GMP,21:25,22:35, ,2022-09-15,2022-09-15,A321
ASV,RS961,GMP,PUS,08:20,09:20,토,2022-09-03,2022-10-29,A321
ASV,RS962,PUS,GMP,10:20,11:20,토,2022-09-03,2022-10-29,A321
ASV,RS963,GMP,PUS,09:40,10:40,월수목금,2022-09-01,2022-10-28,A321
ASV,RS963,GMP,PUS,09:40,10:40,화,2022-09-06,2022-09-27,A321
ASV,RS964,PUS,GMP,11:20,12:20,월수목금,2022-09-01,2022-10-28,A321
ASV,RS964,PUS,GMP,11:20,12:20,화,2022-09-06,2022-09-27,A321
ASV,RS965,GMP,PUS,12:15,13:20,토,2022-09-03,2022-10-29,A321
ASV,RS966,PUS,GMP,14:20,15:20,토,2022-09-03,2022-10-29,A321
ASV,RS967,GMP,PUS,12:55,14:05,월화수목,2022-09-01,2022-10-27,A321
ASV,RS967,GMP,PUS,12:55,14:00,금일,2022-09-02,2022-10-28,A321
ASV,RS968,PUS,GMP,15:05,16:00,월화수목,2022-09-01,2022-10-27,A321
ASV,RS968,PUS,GMP,15:05,16:00,금일,2022-09-02,2022-10-28,A321
ASV,RS985,GMP,PUS,17:10,18:10,월목금일,2022-09-01,2022-09-30,A321
ASV,RS986,PUS,GMP,18:50,19:50,월목금일,2022-09-01,2022-09-30,A321
EOK,RF601,CJJ,CJU,09:30,10:35,월화수목금토일,2022-09-01,2022-10-29,A320
EOK,RF602,CJU,CJJ,11:15,12:15,월화수목금토일,2022-09-01,2022-10-29,A320
EOK,RF605,CJJ,CJU,12:45,13:45,월화수목금토일,2022-09-01,2022-10-29,A320
EOK,RF606,CJU,CJJ,14:25,15:30,월화수목금토일,2022-09-01,2022-10-29,A320
EOK,RF613,CJJ,CJU,19:45,20:50,월화수목금토일,2022-09-01,2022-10-29,A320
EOK,RF614,CJU,CJJ,21:30,22:35,월화수목금토일,2022-09-01,2022-10-29,A320
FGW,4V501,YNY,CJU,09:05,10:35,월화수목금토일,2022-03-27,2022-10-29,B738
FGW,4V502,CJU,YNY,11:10,12:40,월화수목금토일,2022-03-27,2022-10-29,B738
FGW,4V503,YNY,CJU,12:55,14:25,목,2022-09-01,2022-10-27,B738
FGW,4V503,YNY,CJU,13:05,14:35,월화수금일,2022-09-02,2022-10-28,B738
FGW,4V504,CJU,YNY,15:10,16:40,목,2022-09-01,2022-10-27,B738
FGW,4V504,CJU,YNY,15:10,16:40,월화수금일,2022-09-02,2022-10-28,B738
FGW,4V505,YNY,CJU,16:55,18:25,월화수목금토일,2022-03-27,2022-10-29,B738
FGW,4V506,CJU,YNY,19:10,20:40,월화수목금토일,2022-03-27,2022-10-29,B738
FGW,4V507,YNY,CJU,13:00,14:30,월화수목일,2022-08-01,2022-10-29,B738
FGW,4V507,YNY,CJU,13:05,14:35,금,2022-08-01,2022-10-29,B738
FGW,4V507,YNY,CJU,12:05,13:35,토,2022-08-01,2022-10-29,B738
FGW,4V508,CJU,YNY,15:10,16:40,월화수목일,2022-08-01,2022-10-29,B738
FGW,4V508,CJU,YNY,15:35,17:05,금,2022-08-01,2022-10-29,B738
FGW,4V508,CJU,YNY,14:25,15:55,토,2022-08-01,2022-10-29,B738
FGW,4V531,YNY,RSU,13:10,14:30,월수금일,2022-03-27,2022-10-29,B738
FGW,4V531,YNY,RSU,13:10,14:30,월수금일,2022-08-14,2022-10-29,B738
FGW,4V532,RSU,YNY,15:10,16:30,월수금일,2022-03-27,2022-10-29,B738
FGW,4V532,RSU,YNY,15:10,16:30,월수금일,2022-08-14,2022-10-29,B738
HGG,4H1301,GMP,USN,11:20,12:30,금,2022-09-01,2022-09-20,AT75
HGG,4H1301,GMP,USN,10:00,11:10,화,2022-09-01,2022-09-20,AT75
HGG,4H1301,GMP,USN,10:00,11:10,월수금,2022-09-01,2022-09-30,AT75
HGG,4H1301,GMP,USN,10:00,11:10,화,2022-09-01,2022-09-20,AT75
HGG,4H1301,GMP,USN,11:35,12:35,일,2022-09-01,2022-09-20,AT75
HGG,4H1302,USN,GMP,11:40,12:50,화,2022-09-01,2022-09-20,AT75
HGG,4H1302,USN,GMP,08:30,09:40,금,2022-09-01,2022-10-23,AT75
HGG,4H1302,USN,GMP,11:30,12:40,월수금,2022-09-01,2022-09-30,AT75
HGG,4H1302,USN,GMP,11:40,12:50,화,2022-09-01,2022-09-20,AT75
HGG,4H1303,GMP,USN,10:40,11:50,화수,2022-03-27,2022-10-29,AT75
HGG,4H1303,GMP,USN,10:40,11:50,월목금토일,2022-03-27,2022-10-29,AT75
HGG,4H1304,USN,GMP,13:00,14:00,금,2022-09-01,2022-09-20,AT75
HGG,4H1304,USN,GMP,12:55,13:55,일,2022-09-01,2022-09-20,AT75
HGG,4H1305,GMP,USN,16:00,17:10,월목금일,2022-09-01,2022-10-29,AT75
HGG,4H1305,GMP,USN,13:20,14:30,수,2022-09-01,2022-10-29,AT75
HGG,4H1305,GMP,USN,15:50,17:00,토,2022-09-01,2022-10-29,AT75
HGG,4H1305,GMP,USN,16:00,17:10,월목금,2022-09-01,2022-09-30,AT75
HGG,4H1305,GMP,USN,16:00,17:10,일,2022-09-01,2022-09-20,AT75
HGG,4H1306,USN,GMP,21:10,22:20,월목금일,2022-09-01,2022-10-29,AT75
HGG,4H1306,USN,GMP,15:00,16:10,화,2022-09-01,2022-10-29,AT75
HGG,4H1306,USN,GMP,15:00,16:10,수,2022-09-01,2022-10-29,AT75
HGG,4H1306,USN,GMP,21:10,22:20,월목금,2022-09-01,2022-09-30,AT75
HGG,4H1306,USN,GMP,21:10,22:20,일,2022-09-01,2022-09-20,AT75
HGG,4H1308,USN,GMP,15:40,16:50,화수,2022-03-27,2022-10-29,AT75
HGG,4H1308,USN,GMP,15:40,16:50,월목금토일,2022-03-27,2022-10-29,AT75
HGG,4H1331,USN,CJU,11:45,12:55,화수,2022-09-01,2022-09-30,AT75
HGG,4H1331,USN,CJU,11:45,12:55,화수,2022-09-01,2022-09-30,AT75
HGG,4H1332,CJU,USN,10:20,11:30,화수,2022-09-01,2022-09-30,AT75
HGG,4H1332,CJU,USN,10:20,11:30,화수,2022-09-01,2022-09-30,AT75
HGG,4H1333,USN,CJU,12:10,13:20,월화수목금토일,2022-09-01,2022-09-30,AT75
HGG,4H1333,USN,CJU,12:10,13:20,월화수목금토일,2022-09-01,2022-09-30,AT75
HGG,4H1334,CJU,USN,14:10,15:20,월화수목금토일,2022-09-01,2022-09-30,AT75
HGG,4H1334,CJU,USN,14:10,15:20,월화수목금토일,2022-09-01,2022-09-30,AT75
HGG,4H1335,USN,CJU,18:00,19:10,월목,2022-09-01,2022-09-30,AT75
HGG,4H1335,USN,CJU,18:00,19:10,월목,2022-09-01,2022-09-30,AT75
HGG,4H1336,CJU,USN,19:40,20:50,월목,2022-09-01,2022-09-30,AT75
HGG,4H1336,CJU,USN,19:40,20:50,월목,2022-09-01,2022-09-30,AT75
HGG,4H1341,GMP,HIN,07:00,08:10,월화수일,2022-03-27,2022-10-29,AT75
HGG,4H1341,GMP,HIN,07:00,08:00,금,2022-03-27,2022-10-29,AT75
HGG,4H1341,GMP,HIN,07:00,08:10,목,2022-03-27,2022-10-29,AT75
HGG,4H1341,GMP,HIN,07:00,08:10,금,2022-07-01,2022-10-29,AT75
HGG,4H1341,GMP,HIN,07:30,08:40,목,2022-09-01,2022-10-29,AT75
HGG,4H1341,GMP,HIN,07:00,08:00,금,2022-09-01,2022-09-30,AT75
HGG,4H1341,GMP,HIN,07:20,08:30,금,2022-09-01,2022-09-30,AT75
HGG,4H1342,HIN,GMP,08:30,09:40,월화수일,2022-03-27,2022-10-29,AT75
HGG,4H1343,GMP,HIN,07:30,08:40,토,2022-03-27,2022-10-29,AT75
HGG,4H1343,GMP,HIN,07:30,08:40,토,2022-09-01,2022-09-30,AT75
HGG,4H1345,GMP,HIN,11:55,13:05,토,2022-03-27,2022-10-29,AT75
HGG,4H1345,GMP,HIN,14:25,15:35,일,2022-03-27,2022-10-29,AT75
HGG,4H1345,GMP,HIN,11:55,13:05,토,2022-08-01,2022-10-29,AT75
HGG,4H1345,GMP,HIN,14:35,15:45,토,2022-09-01,2022-09-20,AT75
HGG,4H1345,GMP,HIN,15:00,16:10,화수,2022-09-01,2022-09-20,AT75
HGG,4H1346,HIN,GMP,11:25,12:35,금,2022-03-27,2022-10-29,AT75
HGG,4H1346,HIN,GMP,11:25,12:35,금,2022-07-01,2022-10-29,AT75
HGG,4H1346,HIN,GMP,11:25,12:35,금,2022-09-01,2022-09-30,AT75
HGG,4H1347,GMP,HIN,17:30,18:40,금,2022-03-27,2022-10-29,AT75
HGG,4H1348,HIN,GMP,19:00,20:10,금,2022-03-27,2022-10-29,AT75
HGG,4H1348,HIN,GMP,11:50,13:00,목,2022-03-27,2022-10-29,AT75
HGG,4H1348,HIN,GMP,11:50,13:00,토,2022-03-27,2022-10-29,AT75
HGG,4H1348,HIN,GMP,11:50,13:00,목,2022-09-01,2022-10-29,AT75
HGG,4H1348,HIN,GMP,11:50,13:00,월,2022-09-01,2022-09-20,AT75
HGG,4H1348,HIN,GMP,12:20,13:30,토,2022-09-01,2022-09-30,AT75
HGG,4H1348,HIN,GMP,09:00,10:10,금,2022-09-01,2022-09-30,AT75
HGG,4H1349,GMP,HIN,17:30,18:40,월화수목,2022-03-27,2022-10-29,AT75
HGG,4H1349,GMP,HIN,14:20,15:30,금,2022-09-01,2022-09-20,AT75
HGG,4H1350,HIN,GMP,19:00,20:10,월화수목,2022-03-27,2022-10-29,AT75
HGG,4H1350,HIN,GMP,19:00,20:10,금,2022-09-01,2022-09-20,AT75
HGG,4H1355,HIN,CJU,09:00,10:00,목,2022-09-01,2022-09-30,AT75
HGG,4H1355,HIN,CJU,09:00,10:20,토,2022-09-01,2022-09-30,AT75
HGG,4H1356,CJU,HIN,10:30,11:30,월,2022-09-01,2022-09-20,AT75
HGG,4H1356,CJU,HIN,10:30,11:30,목,2022-09-01,2022-09-30,AT75
HGG,4H1356,CJU,HIN,10:55,11:55,토,2022-09-01,2022-09-30,AT75
HGG,4H1357,HIN,CJU,16:05,17:05,토,2022-09-01,2022-09-20,AT75
HGG,4H1357,HIN,CJU,16:00,17:00,금,2022-09-01,2022-09-20,AT75
HGG,4H1357,HIN,CJU,16:40,17:40,화수,2022-09-01,2022-09-20,AT75
HGG,4H1357,HIN,CJU,16:05,17:05,일,2022-09-01,2022-09-30,AT75
HGG,4H1358,CJU,HIN,17:40,18:40,토,2022-09-01,2022-09-20,AT75
HGG,4H1358,CJU,HIN,17:40,18:40,금,2022-09-01,2022-09-20,AT75
HGG,4H1358,CJU,HIN,18:10,19:10,일,2022-09-01,2022-09-30,AT75
HGG,4H1360,HIN,GMP,16:55,18:05,토,2022-03-27,2022-10-29,AT75
HGG,4H1360,HIN,GMP,19:00,20:10,일,2022-03-27,2022-10-29,AT75
HGG,4H1360,HIN,GMP,16:55,18:05,토,2022-08-01,2022-10-29,AT75
HGG,4H1360,HIN,GMP,19:00,20:10,토,2022-09-01,2022-09-20,AT75
HGG,4H1406,USN,MWX,18:30,19:30,금일,2022-09-01,2022-09-30,AT75
HGG,4H1406,USN,MWX,18:30,19:30,금일,2022-09-01,2022-09-30,AT75
HGG,4H1407,MWX,USN,19:50,20:50,금일,2022-09-01,2022-09-30,AT75
HGG,4H1407,MWX,USN,19:50,20:50,금일,2022-09-01,2022-09-30,AT75
HGG,4H1531,GMP,MWX,08:55,10:05,금일,2022-09-01,2022-09-30,AT75
HGG,4H1531,GMP,MWX,07:55,09:05,토,2022-09-01,2022-09-20,AT75
HGG,4H1534,MWX,GMP,13:45,14:55,금일,2022-09-01,2022-09-30,AT75
HGG,4H1534,MWX,GMP,13:00,14:10,토,2022-09-01,2022-09-20,AT75
HGG,4H1541,MWX,CJU,10:35,11:35,목,2022-09-01,2022-09-20,AT75
HGG,4H1541,MWX,CJU,10:35,11:35,목,2022-09-15,2022-09-15,AT75
HGG,4H1542,CJU,MWX,09:00,10:00,목,2022-09-01,2022-09-20,AT75
HGG,4H1542,CJU,MWX,09:00,10:00,목,2022-09-15,2022-09-15,AT75
HGG,4H1543,MWX,CJU,10:35,11:35,금일,2022-09-01,2022-09-30,AT75
HGG,4H1543,MWX,CJU,09:35,10:35,토,2022-09-01,2022-09-20,AT75
HGG,4H1544,CJU,MWX,12:15,13:15,금일,2022-09-01,2022-09-30,AT75
HGG,4H1544,CJU,MWX,11:35,12:35,토,2022-09-01,2022-09-20,AT75
HGG,4H1601,GMP,CJU,06:20,07:50,월화수,2022-09-01,2022-09-30,AT75
HGG,4H1601,GMP,CJU,06:20,07:45,목,2022-09-01,2022-09-30,AT75
HGG,4H1601,GMP,CJU,06:20,07:45,금일,2022-09-01,2022-09-20,AT75
HGG,4H1601,GMP,CJU,06:20,07:45,토,2022-09-04,2022-09-30,AT75
HGG,4H1602,CJU,GMP,08:20,09:50,월화수,2022-09-01,2022-09-30,AT75
HGG,4H1602,CJU,GMP,08:20,09:50,목,2022-09-01,2022-09-30,AT75
HGG,4H1602,CJU,GMP,08:20,09:50,금일,2022-09-01,2022-09-20,AT75
HGG,4H1602,CJU,GMP,08:20,09:50,토,2022-09-04,2022-09-30,AT75
HGG,4H1603,GMP,CJU,10:55,12:25,월,2022-09-01,2022-09-20,AT75
HGG,4H1603,GMP,CJU,11:00,12:30,수,2022-09-01,2022-09-20,AT75
HGG,4H1603,GMP,CJU,13:50,15:20,목,2022-09-01,2022-09-20,AT75
HGG,4H1604,CJU,GMP,13:00,14:30,월,2022-09-01,2022-09-20,AT75
HGG,4H1604,CJU,GMP,13:00,14:30,수,2022-09-01,2022-09-20,AT75
HGG,4H1604,CJU,GMP,16:05,17:25,목,2022-09-01,2022-09-20,AT75
HGG,4H1605,GMP,CJU,08:20,09:50,화,2022-09-01,2022-09-30,AT75
HGG,4H1605,GMP,CJU,08:20,09:50,수,2022-09-01,2022-09-30,AT75
HGG,4H1605,GMP,CJU,13:30,14:55,월,2022-09-01,2022-09-20,AT75
HGG,4H1606,CJU,GMP,14:05,15:35,화,2022-09-01,2022-09-30,AT75
HGG,4H1606,CJU,GMP,13:35,15:05,수,2022-09-01,2022-09-30,AT75
HGG,4H1606,CJU,GMP,15:35,17:00,월,2022-09-01,2022-09-20,AT75
HGG,4H1607,GMP,CJU,08:25,09:55,월,2022-09-01,2022-09-20,AT75
HGG,4H1607,GMP,CJU,06:50,08:20,목,2022-09-01,2022-09-20,AT75
HGG,4H1607,GMP,CJU,06:50,08:20,목,2022-09-15,2022-09-15,AT75
HGG,4H1608,CJU,GMP,18:35,20:05,화수,2022-09-01,2022-09-20,AT75
HGG,4H1608,CJU,GMP,12:05,13:35,목,2022-09-01,2022-09-20,AT75
HGG,4H1608,CJU,GMP,12:05,13:35,목,2022-09-15,2022-09-15,AT75
HGG,4H1609,GMP,CJU,17:25,18:55,화,2022-09-01,2022-09-20,AT75
HGG,4H1609,GMP,CJU,17:55,19:25,수,2022-09-01,2022-09-20,AT75
HGG,4H1609,GMP,CJU,18:05,19:40,토,2022-09-01,2022-09-20,AT75
HGG,4H1609,GMP,CJU,17:55,19:25,일,2022-09-01,2022-09-20,AT75
HGG,4H1610,CJU,GMP,20:10,21:40,화,2022-09-01,2022-09-20,AT75
HGG,4H1610,CJU,GMP,20:00,21:30,수,2022-09-01,2022-09-20,AT75
HGG,4H1610,CJU,GMP,20:20,21:50,토,2022-09-01,2022-09-20,AT75
HGG,4H1610,CJU,GMP,20:00,21:30,일,2022-09-01,2022-09-20,AT75
JJA,7C101,GMP,CJU,06:25,07:35,월화수목금토일,2022-03-27,2022-10-29,B738
JJA,7C103,GMP,CJU,07:00,08:10,월화수목금토일,2022-03-27,2022-10-29,B738
JJA,7C105,GMP,CJU,07:40,08:50,월화수목금토일,2022-03-27,2022-10-29,B738
JJA,7C106,CJU,GMP,10:10,11:20,월화수목금토일,2022-03-27,2022-10-29,B738
JJA,7C107,GMP,CJU,09:00,10:10,월화수목금토일,2022-03-27,2022-10-29,B738
JJA,7C108,CJU,GMP,10:50,12:00,월화수목금토일,2022-03-27,2022-10-29,B738
JJA,7C112,CJU,GMP,11:40,12:50,월화수목금토일,2022-03-27,2022-10-29,B738
JJA,7C114,CJU,GMP,12:10,13:20,월화수목금토일,2022-03-27,2022-10-29,B738
JJA,7C115,GMP,CJU,12:15,13:35,월화수목금토일,2022-03-27,2022-10-29,B738
JJA,7C116,CJU,GMP,13:25,14:35,월화수목금토일,2022-03-27,2022-10-29,B738
JJA,7C117,GMP,CJU,12:40,13:50,월화수목금토일,2022-06-30,2022-10-29,B738
JJA,7C118,CJU,GMP,14:00,15:10,월화수목금토일,2022-03-27,2022-10-29,B738
JJA,7C119,GMP,CJU,13:30,14:40,월화수목금토일,2022-03-27,2022-10-29,B738
JJA,7C121,GMP,CJU,14:40,15:50,월화수목금토일,2022-03-27,2022-10-29,B738
JJA,7C122,CJU,GMP,17:20,18:30,월화수목금토일,2022-03-27,2022-10-29,B738
JJA,7C123,GMP,CJU,15:30,16:40,월화수목금토일,2022-03-27,2022-10-29,B738
JJA,7C124,CJU,GMP,17:55,19:05,월화수목금토일,2022-03-27,2022-10-29,B738
JJA,7C125,GMP,CJU,15:50,17:05,월화수목금토일,2022-03-27,2022-10-29,B738
JJA,7C126,CJU,GMP,20:00,21:10,월화수목금토일,2022-03-27,2022-10-29,B738
JJA,7C128,CJU,GMP,20:50,22:00,월화수목금토일,2022-03-27,2022-10-29,B738
JJA,7C129,GMP,CJU,19:05,20:15,월화수목금토일,2022-03-27,2022-10-29,B738
JJA,7C130,CJU,GMP,21:05,22:15,월화수목금토일,2022-03-27,2022-10-29,B738
JJA,7C133,GMP,CJU,19:30,20:40,월화수목금토일,2022-03-27,2022-10-29,B738
JJA,7C134,CJU,GMP,21:20,22:30,월화수목금토일,2022-03-27,2022-10-29,B738
JJA,7C135,GMP,CJU,10:30,11:30,월화수목금토일,2022-03-27,2022-10-29,B738
JJA,7C136,CJU,GMP,08:45,09:55,월화수목금토일,2022-03-27,2022-10-29,B738
JJA,7C137,GMP,CJU,18:55,20:05,월화수목금토일,2022-03-27,2022-10-29,B738
JJA,7C138,CJU,GMP,17:10,18:20,월화수목금토일,2022-03-27,2022-10-29,B738
JJA,7C140,CJU,GMP,07:40,08:50,월수목금일,2022-03-27,2022-10-29,B738
JJA,7C140,CJU,GMP,08:00,09:10,화토,2022-03-27,2022-10-29,B738
JJA,7C141,GMP,CJU,09:25,10:35,월수목금일,2022-03-27,2022-10-29,B738
JJA,7C142,CJU,GMP,11:15,12:25,월수목금일,2022-03-27,2022-10-29,B738
JJA,7C143,GMP,CJU,13:15,14:25,월수목금일,2022-03-27,2022-10-29,B738
JJA,7C144,CJU,GMP,15:00,16:10,월수목금일,2022-03-27,2022-10-29,B738
JJA,7C145,GMP,CJU,16:50,18:05,월수목금일,2022-03-27,2022-10-29,B738
JJA,7C145,GMP,CJU,16:45,17:55,화토,2022-03-27,2022-10-29,B738
JJA,7C146,CJU,GMP,18:40,19:50,월화수목금토일,2022-03-27,2022-10-29,B738
JJA,7C147,GMP,CJU,20:30,21:40,월화수목금토일,2022-03-27,2022-10-29,B738
JJA,7C151,GMP,CJU,06:15,07:30,월화수목금토일,2022-03-28,2022-10-29,B738
JJA,7C154,CJU,GMP,12:20,13:30,월화수목금토일,2022-03-27,2022-10-29,B738
JJA,7C155,GMP,CJU,15:10,16:20,월화수목금토일,2022-03-27,2022-10-29,B738
JJA,7C158,CJU,GMP,21:10,22:20,월화수목금토일,2022-03-27,2022-10-29,B738
JJA,7C160,CJU,GMP,06:35,07:45,월,2022-09-01,2022-10-29,B738
JJA,7C161,GMP,CJU,20:05,21:15,월화목금토,2022-09-01,2022-10-29,B738
JJA,7C161,GMP,CJU,18:50,20:00,일,2022-09-01,2022-10-29,B738
JJA,7C161,GMP,CJU,20:25,21:35,수,2022-09-01,2022-10-29,B738
JJA,7C162,CJU,GMP,12:00,13:10,월화수목금일,2022-09-02,2022-10-29,B738
JJA,7C162,CJU,GMP,12:40,13:50,토,2022-09-03,2022-10-29,B738
JJA,7C167,GMP,CJU,12:55,14:05,목토,2022-09-01,2022-10-29,B738
JJA,7C168,CJU,GMP,16:00,17:10,목토,2022-09-01,2022-10-29,B738
JJA,7C169,GMP,CJU,20:25,21:40,일,2022-09-01,2022-10-29,B738
JJA,7C202,GMP,PUS,07:35,08:30,월화수목금토일,2022-03-27,2022-10-29,B738
JJA,7C202,GMP,PUS,07:35,08:30,목,2022-09-15,2022-09-15,B738
JJA,7C203,PUS,GMP,11:05,12:00,월화수목금토일,2022-09-01,2022-10-29,B738
JJA,7C203,PUS,GMP,11:05,12:00,목,2022-09-15,2022-09-15,B738
JJA,7C204,GMP,PUS,09:05,10:00,월화수목금토일,2022-09-01,2022-10-29,B738
JJA,7C204,GMP,PUS,09:05,10:00,목,2022-09-15,2022-09-15,B738
JJA,7C207,PUS,GMP,20:30,21:30,월화수목금토일,2022-03-27,2022-10-29,B738
JJA,7C208,GMP,PUS,19:45,20:45,월화수목금토일,2022-03-27,2022-10-29,B738
JJA,7C211,PUS,GMP,07:30,08:25,월화수목금토일,2022-03-27,2022-10-29,B738
JJA,7C211,PUS,GMP,07:30,08:25,목,2022-09-15,2022-09-15,B738
JJA,7C260,GMP,PUS,08:00,09:00,월화목금토일,2022-09-01,2022-10-29,B738
JJA,7C260,GMP,PUS,08:00,09:00,목,2022-09-15,2022-09-15,B738
JJA,7C261,PUS,GMP,11:05,12:05,월화목금토일,2022-09-01,2022-10-29,B738
JJA,7C261,PUS,GMP,11:05,12:05,목,2022-09-15,2022-09-15,B738
JJA,7C262,GMP,PUS,12:45,13:45,금토일,2022-09-01,2022-10-29,B738
JJA,7C263,PUS,GMP,14:30,15:35,금토일,2022-09-01,2022-10-29,B738
JJA,7C264,GMP,PUS,16:35,17:35,월금토일,2022-09-01,2022-10-29,B738
JJA,7C265,PUS,GMP,18:30,19:25,월금토일,2022-09-01,2022-10-29,B738
JJA,7C266,GMP,PUS,09:35,10:35,화금토일,2022-09-01,2022-10-29,B738
JJA,7C269,PUS,GMP,16:45,17:40,화금토일,2022-09-01,2022-10-29,B738
JJA,7C270,GMP,PUS,10:25,11:25,월금토일,2022-09-01,2022-10-29,B738
JJA,7C271,PUS,GMP,12:30,13:25,월금토일,2022-09-01,2022-10-29,B738
JJA,7C272,GMP,PUS,14:05,15:05,금일,2022-09-01,2022-10-29,B738
JJA,7C273,PUS,GMP,15:45,16:40,금일,2022-09-01,2022-10-29,B738
JJA,7C274,GMP,PUS,17:25,18:35,금일,2022-09-01,2022-10-29,B738
JJA,7C275,PUS,GMP,19:35,20:35,금일,2022-09-01,2022-10-29,B738
JJA,7C276,GMP,PUS,18:00,19:05,목금일,2022-09-01,2022-10-29,B738
JJA,7C277,PUS,GMP,20:00,20:55,목일,2022-09-01,2022-10-29,B738
JJA,7C277,PUS,GMP,20:35,21:30,금,2022-09-01,2022-10-29,B738
JJA,7C284,GMP,PUS,13:30,14:25,금일,2022-09-01,2022-10-29,B738
JJA,7C284,GMP,PUS,11:00,11:55,토,2022-09-01,2022-10-29,B738
JJA,7C285,PUS,GMP,15:35,16:30,금일,2022-09-01,2022-10-29,B738
JJA,7C285,PUS,GMP,13:00,13:55,토,2022-09-01,2022-10-29,B738
JJA,7C286,GMP,PUS,17:00,17:55,금일,2022-09-01,2022-10-29,B738
JJA,7C287,PUS,GMP,19:00,20:05,금일,2022-09-01,2022-10-29,B738
JJA,7C301,RSU,GMP,19:00,20:00,월화수목금토일,2022-09-01,2022-09-30,B738
JJA,7C302,GMP,RSU,09:00,10:00,월화수목금토일,2022-08-01,2022-10-29,B738
JJA,7C303,RSU,GMP,18:20,19:35,금,2022-09-02,2022-09-18,B738
JJA,7C303,RSU,GMP,17:40,18:40,일,2022-09-02,2022-09-18,B738
JJA,7C304,GMP,RSU,16:00,17:00,금,2022-09-02,2022-09-18,B738
JJA,7C305,RSU,GMP,14:50,15:50,월화수목금토일,2022-09-02,2022-09-18,B738
JJA,7C306,GMP,RSU,09:55,10:55,월화수목금토일,2022-09-02,2022-09-18,B738
JJA,7C361,GMP,KWJ,08:55,09:50,금토일,2022-06-03,2022-10-29,B738
JJA,7C362,KWJ,GMP,11:10,12:10,금토일,2022-06-03,2022-10-29,B738
JJA,7C365,GMP,KWJ,16:30,17:30,금토일,2022-06-03,2022-10-29,B738
JJA,7C366,KWJ,GMP,18:20,19:20,금토일,2022-06-03,2022-10-29,B738
JJA,7C503,PUS,CJU,08:05,09:05,월수금토일,2022-03-27,2022-10-29,B738
JJA,7C503,PUS,CJU,08:00,09:05,화목,2022-03-27,2022-10-29,B738
JJA,7C504,CJU,PUS,10:45,11:45,월화수목금토일,2022-03-27,2022-10-29,B738
JJA,7C505,PUS,CJU,09:10,10:10,월화수목금토일,2022-03-27,2022-10-29,B738
JJA,7C506,CJU,PUS,13:00,14:00,월화수목금토일,2022-03-27,2022-10-29,B738
JJA,7C508,CJU,PUS,14:05,15:00,월화수목금토일,2022-03-27,2022-10-29,B738
JJA,7C509,PUS,CJU,12:20,13:20,월화수목금토일,2022-03-27,2022-10-29,B738
JJA,7C510,CJU,PUS,15:20,16:20,월화수목금토일,2022-03-27,2022-10-29,B738
JJA,7C511,PUS,CJU,14:40,15:40,월화수목금토일,2022-03-27,2022-10-29,B738
JJA,7C513,PUS,CJU,15:30,16:40,월화수목금토일,2022-03-27,2022-10-29,B738
JJA,7C514,CJU,PUS,18:40,19:40,월토일,2022-03-27,2022-10-29,B738
JJA,7C514,CJU,PUS,18:40,19:30,화수목금,2022-03-27,2022-10-29,B738
JJA,7C515,PUS,CJU,17:05,18:00,월화수목금,2022-03-27,2022-10-29,B738
JJA,7C515,PUS,CJU,17:00,18:00,토일,2022-03-27,2022-10-29,B738
JJA,7C516,CJU,PUS,20:05,21:05,월화수목금토일,2022-03-27,2022-10-29,B738
JJA,7C601,KWJ,CJU,10:15,11:10,월화수목금토일,2022-03-27,2022-10-29,B738
JJA,7C602,CJU,KWJ,08:20,09:10,월화수목금토일,2022-03-27,2022-10-29,B738
JJA,7C605,KWJ,CJU,18:30,19:20,월화수목금토일,2022-03-27,2022-10-29,B738
JJA,7C606,CJU,KWJ,16:50,17:40,월화수목금토일,2022-03-27,2022-10-29,B738
JJA,7C611,RSU,CJU,10:50,11:50,월화수일,2022-09-01,2022-09-30,B738
JJA,7C611,RSU,CJU,12:15,13:15,목금토,2022-09-01,2022-09-30,B738
JJA,7C612,CJU,RSU,17:05,18:05,월화수목금토일,2022-09-01,2022-09-30,B738
JJA,7C621,KUV,CJU,11:35,12:30,월화수목금토일,2022-09-01,2022-10-29,B738
JJA,7C622,CJU,KUV,09:45,10:40,월화수목토,2022-09-01,2022-10-29,B738
JJA,7C622,CJU,KUV,09:00,10:00,금,2022-09-01,2022-10-29,B738
JJA,7C622,CJU,KUV,10:05,11:00,일,2022-09-01,2022-10-29,B738
JJA,7C623,KUV,CJU,18:00,18:55,월화수목금일,2022-09-01,2022-10-29,B738
JJA,7C624,CJU,KUV,16:25,17:20,월화수일,2022-09-01,2022-10-29,B738
JJA,7C624,CJU,KUV,16:35,17:30,목,2022-09-01,2022-10-29,B738
JJA,7C624,CJU,KUV,16:00,17:00,금,2022-09-01,2022-10-29,B738
JJA,7C701,TAE,CJU,08:20,09:35,월화수목금토일,2022-03-27,2022-10-29,B738
JJA,7C704,CJU,TAE,14:25,15:30,월화수목금토일,2022-03-27,2022-10-29,B738
JJA,7C705,TAE,CJU,16:05,17:15,월화수목금토일,2022-03-27,2022-10-29,B738
JJA,7C706,CJU,TAE,17:45,18:55,월화수목금토일,2022-03-27,2022-10-29,B738
JJA,7C711,TAE,CJU,06:15,07:30,월화수목금토일,2022-09-01,2022-10-29,B738
JJA,7C718,CJU,TAE,21:35,22:45,월화수목금토일,2022-09-01,2022-10-29,B738
JJA,7C801,CJJ,CJU,11:20,12:25,월화수목금토일,2022-06-30,2022-10-29,B738
JJA,7C802,CJU,CJJ,09:35,10:40,월화수목금토일,2022-03-27,2022-10-29,B738
JJA,7C811,CJJ,CJU,08:40,10:00,월화수목금토일,2022-03-27,2022-10-29,B738
JJA,7C812,CJU,CJJ,12:05,13:10,월수금토,2022-08-01,2022-10-29,B738
JJA,7C812,CJU,CJJ,12:05,13:10,화목일,2022-09-01,2022-10-27,B738
JJA,7C813,CJJ,CJU,15:10,16:30,월화수목금토일,2022-03-27,2022-10-29,B738
JJA,7C814,CJU,CJJ,19:25,20:30,월화수목금토일,2022-08-28,2022-10-29,B738
JJA,7C851,CJJ,CJU,10:10,11:20,월화수목금토일,2022-03-27,2022-10-29,B738
JJA,7C852,CJU,CJJ,08:10,09:20,월화수목금토일,2022-03-28,2022-10-29,B738
JJA,7C853,CJJ,CJU,19:20,20:35,월화수목금토일,2022-03-27,2022-10-29,B738
JJA,7C854,CJU,CJJ,17:30,18:40,월화수목금토일,2022-03-27,2022-10-29,B738
JJA,7C881,CJJ,CJU,21:30,22:30,금일,2022-09-01,2022-10-29,B738
JJA,7C882,CJU,CJJ,22:20,23:30,금일,2022-09-01,2022-10-29,B738
JNA,LJ301,GMP,CJU,06:15,07:20,월화수목금토일,2022-03-27,2022-10-29,B738
JNA,LJ302,CJU,GMP,07:25,08:40,월화수목금토일,2022-03-27,2022-10-29,B738
JNA,LJ303,GMP,CJU,08:00,09:10,월화수목금토일,2022-07-01,2022-10-29,B738
JNA,LJ304,CJU,GMP,11:45,13:00,월화수목금토일,2022-09-01,2022-10-29,B737
JNA,LJ305,GMP,CJU,08:10,09:20,월화수목금토일,2022-08-01,2022-10-29,B737
JNA,LJ306,CJU,GMP,12:50,14:00,월화수목금토일,2022-03-27,2022-10-29,B738
JNA,LJ307,GMP,CJU,10:35,11:45,월화수목금토일,2022-09-13,2022-09-15,B738
JNA,LJ308,CJU,GMP,13:25,14:40,월화수목금토일,2022-03-27,2022-10-29,B738
JNA,LJ309,GMP,CJU,11:55,13:05,월화수목금토일,2022-09-13,2022-09-22,B738
JNA,LJ310,CJU,GMP,13:55,15:10,월화수목금토일,2022-09-01,2022-10-29,B737
JNA,LJ311,GMP,CJU,13:25,14:40,월화수목금토일,2022-09-01,2022-10-29,B737
JNA,LJ312,CJU,GMP,15:30,16:40,월화수목금토일,2022-09-13,2022-09-22,B738
JNA,LJ313,GMP,CJU,14:40,15:55,월화수목금토일,2022-09-13,2022-09-15,B738
JNA,LJ314,CJU,GMP,17:25,18:40,월화수목금토일,2022-03-27,2022-10-29,B738
JNA,LJ315,GMP,CJU,15:50,17:00,월화수목금토일,2022-09-01,2022-10-29,B737
JNA,LJ316,CJU,GMP,17:45,19:00,월화수목금토일,2022-09-13,2022-09-15,B738
JNA,LJ317,GMP,CJU,19:20,20:30,월화수목금토일,2022-09-13,2022-09-24,B738
JNA,LJ318,CJU,GMP,18:30,19:45,월화수목금토일,2022-05-31,2022-10-29,B738
JNA,LJ319,GMP,CJU,19:55,21:10,월화수목금토일,2022-03-27,2022-10-29,B738
JNA,LJ320,CJU,GMP,20:10,21:25,월화수목금토일,2022-03-27,2022-10-29,B738
JNA,LJ321,GMP,CJU,06:35,07:45,월화수목금토일,2022-03-27,2022-10-29,B738
JNA,LJ322,CJU,GMP,21:20,22:30,월화수목금토일,2022-09-13,2022-09-24,B738
JNA,LJ323,GMP,CJU,14:05,15:15,월화수목금토일,2022-03-27,2022-10-29,B738
JNA,LJ324,CJU,GMP,12:20,13:30,월화수목금토일,2022-09-13,2022-09-15,B738
JNA,LJ341,GMP,PUS,12:05,13:05,금,2022-09-14,2022-09-30,B737
JNA,LJ342,PUS,GMP,10:25,11:25,금,2022-09-14,2022-09-30,B737
JNA,LJ344,PUS,GMP,07:00,08:00,월,2022-09-01,2022-10-29,B737
JNA,LJ345,GMP,PUS,16:10,17:10,금일,2022-09-14,2022-09-30,B737
JNA,LJ346,PUS,GMP,09:00,10:00,월수목금일,2022-09-01,2022-10-02,B737
JNA,LJ347,GMP,PUS,12:00,13:00,월화수일,2022-09-01,2022-10-29,B737
JNA,LJ348,PUS,GMP,10:25,11:25,월화수일,2022-09-01,2022-10-29,B737
JNA,LJ349,GMP,PUS,13:00,14:00,월화목,2022-09-01,2022-10-29,B737
JNA,LJ349,GMP,PUS,11:10,12:10,토일,2022-09-01,2022-10-29,B737
JNA,LJ351,GMP,PUS,17:00,18:00,목,2022-09-15,2022-09-29,B737
JNA,LJ352,PUS,GMP,13:35,14:35,월화수일,2022-09-01,2022-10-29,B737
JNA,LJ352,PUS,GMP,07:30,08:30,토일,2022-09-01,2022-10-29,B737
JNA,LJ353,GMP,PUS,15:25,16:25,월수금토일,2022-09-01,2022-10-29,B737
JNA,LJ353,GMP,PUS,17:40,18:35,화목,2022-09-01,2022-10-29,B737
JNA,LJ354,PUS,GMP,15:05,16:05,월화목,2022-09-01,2022-10-29,B737
JNA,LJ354,PUS,GMP,12:50,13:50,토일,2022-09-01,2022-10-29,B737
JNA,LJ355,GMP,PUS,19:15,20:15,금일,2022-09-14,2022-09-30,B737
JNA,LJ356,PUS,GMP,08:00,09:05,목금,2022-09-01,2022-10-29,B737
JNA,LJ356,PUS,GMP,08:35,09:35,토일,2022-09-01,2022-10-07,B737
JNA,LJ357,GMP,PUS,16:40,17:40,화,2022-09-01,2022-10-29,B737
JNA,LJ357,GMP,PUS,18:35,19:35,월수금토일,2022-09-01,2022-10-15,B737
JNA,LJ358,PUS,GMP,19:10,20:10,화,2022-09-01,2022-10-29,B737
JNA,LJ358,PUS,GMP,14:30,15:30,금일,2022-09-14,2022-09-30,B737
JNA,LJ359,GMP,PUS,19:35,20:35,화수목토,2022-09-01,2022-10-14,B737
JNA,LJ360,PUS,GMP,17:30,18:35,금일,2022-09-14,2022-09-30,B737
JNA,LJ361,GMP,PUS,20:00,21:05,토일,2022-09-01,2022-10-01,B737
JNA,LJ362,PUS,GMP,19:25,20:25,월일,2022-09-01,2022-10-29,B737
JNA,LJ363,GMP,PUS,20:25,21:25,금일,2022-09-01,2022-10-06,B737
JNA,LJ364,PUS,GMP,21:05,22:05,월화수금,2022-09-01,2022-10-29,B737
JNA,LJ364,PUS,GMP,21:15,22:15,토일,2022-09-01,2022-10-14,B737
JNA,LJ365,GMP,PUS,21:00,22:00,월화일,2022-09-01,2022-10-29,B737
JNA,LJ365,GMP,PUS,21:00,22:00,토,2022-09-01,2022-10-29,B737
JNA,LJ366,PUS,GMP,21:45,22:45,금,2022-09-01,2022-10-29,B737
JNA,LJ366,PUS,GMP,18:35,19:35,목,2022-09-15,2022-09-29,B737
JNA,LJ366,PUS,GMP,21:40,22:40,금일,2022-09-01,2022-10-15,B737
JNA,LJ369,GMP,KWJ,12:20,13:15,월화수목금토일,2022-06-01,2022-10-29,B738
JNA,LJ370,KWJ,GMP,13:50,14:45,월화수목금토일,2022-06-01,2022-10-29,B738
JNA,LJ371,GMP,KWJ,10:10,11:05,월화수목금토일,2022-09-01,2022-09-18,B738
JNA,LJ372,KWJ,GMP,11:50,12:45,월화수목금토일,2022-09-01,2022-09-18,B738
JNA,LJ373,GMP,KWJ,17:00,18:00,월화수목,2022-09-14,2022-09-29,B737
JNA,LJ373,GMP,KWJ,15:25,16:20,금토일,2022-08-27,2022-10-29,B738
JNA,LJ374,KWJ,GMP,18:35,19:35,월화수목,2022-09-14,2022-09-29,B737
JNA,LJ374,KWJ,GMP,16:55,17:55,금토일,2022-08-27,2022-10-29,B738
JNA,LJ375,GMP,KWJ,18:35,19:30,금토일,2022-05-01,2022-10-29,B738
JNA,LJ375,GMP,KWJ,18:35,19:30,월화수목,2022-06-01,2022-10-29,B738
JNA,LJ376,KWJ,GMP,20:05,21:00,월화수목금토일,2022-06-01,2022-10-29,B738
JNA,LJ377,GMP,RSU,09:10,10:10,월화수목금일,2022-07-01,2022-10-29,B738
JNA,LJ377,GMP,RSU,08:05,09:05,토,2022-07-01,2022-10-29,B738
JNA,LJ378,RSU,GMP,10:45,11:45,월화수목금일,2022-07-01,2022-10-29,B738
JNA,LJ378,RSU,GMP,09:40,10:40,토,2022-07-01,2022-10-29,B738
JNA,LJ379,GMP,RSU,10:50,11:50,월화수목,2022-07-01,2022-10-29,B738
JNA,LJ379,GMP,RSU,11:15,12:15,금토일,2022-07-01,2022-10-29,B738
JNA,LJ380,RSU,GMP,12:30,13:30,월화수목,2022-07-01,2022-10-29,B738
JNA,LJ380,RSU,GMP,12:50,13:50,금토일,2022-07-01,2022-10-29,B738
JNA,LJ381,GMP,RSU,15:20,16:25,월화수목금토일,2022-04-25,2022-10-29,B738
JNA,LJ382,RSU,GMP,17:00,18:00,월화수목금토일,2022-03-27,2022-10-29,B738
JNA,LJ383,GMP,RSU,17:15,18:15,월화수목금토일,2022-07-01,2022-10-29,B738
JNA,LJ384,RSU,GMP,18:50,19:50,월화수목금토일,2022-07-01,2022-10-29,B738
JNA,LJ385,GMP,RSU,18:50,19:50,월화수목토,2022-07-01,2022-10-29,B738
JNA,LJ385,GMP,RSU,18:35,19:35,금일,2022-07-01,2022-10-29,B738
JNA,LJ386,RSU,GMP,20:25,21:25,월화수목토,2022-07-01,2022-10-29,B738
JNA,LJ386,RSU,GMP,20:10,21:10,금일,2022-07-01,2022-10-29,B738
JNA,LJ389,GMP,USN,09:10,10:10,금토일,2022-09-14,2022-09-29,B737
JNA,LJ390,USN,GMP,10:45,11:45,금토일,2022-09-14,2022-09-29,B737
JNA,LJ391,GMP,USN,12:15,13:15,월화수목,2022-07-01,2022-10-29,B738
JNA,LJ391,GMP,USN,13:00,14:00,금토일,2022-07-01,2022-10-29,B738
JNA,LJ392,USN,GMP,13:50,14:50,월화수목,2022-07-01,2022-10-29,B738
JNA,LJ392,USN,GMP,14:35,15:35,금토일,2022-07-01,2022-10-29,B738
JNA,LJ393,GMP,USN,16:55,17:55,월화수목금토일,2022-08-26,2022-09-18,B738
JNA,LJ394,USN,GMP,18:30,19:30,월화수목토,2022-08-26,2022-09-18,B738
JNA,LJ394,USN,GMP,18:30,19:35,금일,2022-08-22,2022-09-18,B738
JNA,LJ395,GMP,USN,18:55,19:55,월화수목금토일,2022-07-01,2022-10-29,B738
JNA,LJ396,USN,GMP,20:30,21:30,월화수목금토일,2022-07-01,2022-10-29,B738
JNA,LJ397,GMP,KPO,08:25,09:25,월화수목금토일,2022-06-01,2022-10-29,B738
JNA,LJ398,KPO,GMP,10:00,11:00,월화수목금토일,2022-06-01,2022-10-29,B738
JNA,LJ399,GMP,KPO,14:25,15:25,월화수목금토일,2022-03-27,2022-10-29,B738
JNA,LJ400,KPO,GMP,19:40,20:40,월화수목금토일,2022-03-27,2022-10-29,B738
JNA,LJ401,GMP,CJU,09:10,10:20,목,2022-09-15,2022-09-15,B737
JNA,LJ402,CJU,GMP,11:00,12:10,목,2022-09-15,2022-09-15,B737
JNA,LJ403,GMP,CJU,06:10,07:25,목토,2022-09-01,2022-10-29,B737
JNA,LJ404,CJU,GMP,08:50,10:00,토,2022-09-01,2022-10-29,B737
JNA,LJ404,CJU,GMP,07:00,08:10,금,2022-09-01,2022-10-29,B737
JNA,LJ405,GMP,CJU,12:20,13:30,목,2022-09-15,2022-09-15,B737
JNA,LJ406,CJU,GMP,14:20,15:30,목,2022-09-15,2022-09-15,B737
JNA,LJ407,GMP,CJU,18:40,19:50,목,2022-09-15,2022-09-15,B737
JNA,LJ408,CJU,GMP,20:30,21:40,목,2022-09-15,2022-09-15,B737
JNA,LJ421,GMP,CJU,21:05,22:15,수일,2022-09-14,2022-09-18,B737
JNA,LJ422,CJU,GMP,07:00,08:10,목,2022-09-15,2022-09-19,B737
JNA,LJ431,WJU,CJU,12:00,13:10,월화수목금토일,2022-09-01,2022-10-29,B737
JNA,LJ432,CJU,WJU,09:50,11:00,월화수목토일,2022-09-01,2022-10-29,B737
JNA,LJ432,CJU,WJU,10:05,11:10,금,2022-09-01,2022-10-29,B737
JNA,LJ433,WJU,CJU,17:40,18:50,월화수목금일,2022-09-01,2022-10-29,B737
JNA,LJ433,WJU,CJU,17:25,18:30,토,2022-09-01,2022-10-29,B737
JNA,LJ434,CJU,WJU,15:35,16:45,월화수목금일,2022-09-01,2022-10-29,B737
JNA,LJ434,CJU,WJU,15:35,16:40,토,2022-09-01,2022-10-29,B737
JNA,LJ437,GMP,HIN,09:25,10:20,월화수목토일,2022-03-27,2022-10-29,B738
JNA,LJ437,GMP,HIN,09:05,10:00,금,2022-03-27,2022-10-29,B738
JNA,LJ438,HIN,GMP,10:50,11:50,월화수목토일,2022-03-27,2022-10-29,B738
JNA,LJ438,HIN,GMP,10:35,11:35,금,2022-03-27,2022-10-29,B738
JNA,LJ439,GMP,HIN,16:35,17:35,월화수목금토일,2022-03-27,2022-10-29,B738
JNA,LJ440,HIN,GMP,18:10,19:10,월화수목금토일,2022-03-27,2022-10-29,B738
JNA,LJ451,KPO,CJU,11:10,12:20,월화수목금토일,2022-09-01,2022-10-29,B737
JNA,LJ452,CJU,KPO,09:35,10:40,월화수목금토일,2022-09-01,2022-10-29,B737
JNA,LJ453,KPO,CJU,16:00,17:10,월화수목금토일,2022-09-01,2022-10-29,B737
JNA,LJ454,CJU,KPO,17:50,19:00,월화수목금토일,2022-09-01,2022-10-29,B737
JNA,LJ481,KUV,CJU,10:10,11:10,월화수목금토일,2022-09-01,2022-10-29,B737
JNA,LJ482,CJU,KUV,08:25,09:25,월화목금토일,2022-09-01,2022-10-29,B737
JNA,LJ482,CJU,KUV,08:35,09:35,수,2022-09-01,2022-10-29,B737
JNA,LJ483,KUV,CJU,17:00,18:00,토,2022-09-01,2022-10-29,B737
JNA,LJ483,KUV,CJU,17:00,18:10,월화수목금일,2022-09-01,2022-10-29,B737
JNA,LJ484,CJU,KUV,15:15,16:15,월화수목금토일,2022-09-01,2022-10-29,B737
JNA,LJ551,CJJ,CJU,08:00,09:00,월화수목금토일,2022-07-01,2022-10-29,B738
JNA,LJ552,CJU,CJJ,09:00,10:00,월화수목금토일,2022-09-01,2022-10-29,B737
JNA,LJ553,CJJ,CJU,11:00,12:05,월화수목금토일,2022-03-27,2022-10-29,B738
JNA,LJ554,CJU,CJJ,09:55,11:05,월화수목금토일,2022-09-01,2022-10-29,B737
JNA,LJ557,CJJ,CJU,11:50,12:55,월화수목금토일,2022-04-07,2022-10-29,B738
JNA,LJ560,CJU,CJJ,21:30,22:40,월화수목금토일,2022-03-27,2022-10-29,B738
JNA,LJ561,PUS,CJU,07:25,08:30,월화수목금,2022-09-01,2022-10-29,B737
JNA,LJ561,PUS,CJU,07:25,08:35,토일,2022-09-01,2022-10-29,B737
JNA,LJ562,CJU,PUS,09:30,10:30,월화수목금토일,2022-09-01,2022-10-29,B737
JNA,LJ563,PUS,CJU,11:10,12:15,월화수목금토일,2022-09-01,2022-10-29,B737
JNA,LJ564,CJU,PUS,13:50,14:55,월화수목금토일,2022-09-01,2022-10-29,B737
JNA,LJ565,PUS,CJU,15:30,16:30,월화수목금토일,2022-09-01,2022-10-29,B737
JNA,LJ566,CJU,PUS,16:55,18:05,월,2022-09-01,2022-10-29,B737
JNA,LJ566,CJU,PUS,16:55,18:00,화수목금토일,2022-09-01,2022-10-29,B737
JNA,LJ567,PUS,CJU,18:30,19:25,일,2022-09-01,2022-10-29,B737
JNA,LJ567,PUS,CJU,18:35,19:30,월,2022-09-01,2022-10-29,B737
JNA,LJ567,PUS,CJU,18:30,19:30,화수목금토,2022-09-01,2022-10-29,B737
JNA,LJ568,CJU,PUS,19:40,20:45,월화수목금토일,2022-09-01,2022-10-29,B737
JNA,LJ569,TAE,CJU,07:10,08:05,월화수목금토일,2022-09-02,2022-09-15,B737
JNA,LJ570,CJU,TAE,21:30,22:25,월화수목금토일,2022-09-15,2022-09-22,B737
JNA,LJ571,TAE,CJU,09:45,10:45,월화수목금토일,2022-09-01,2022-10-29,B737
JNA,LJ572,CJU,TAE,08:05,09:10,목,2022-09-15,2022-09-15,B737
JNA,LJ572,CJU,TAE,08:05,09:10,월화수,2022-09-09,2022-09-30,B737
JNA,LJ572,CJU,TAE,07:50,08:50,금토일,2022-09-09,2022-09-30,B737
JNA,LJ573,TAE,CJU,12:55,13:55,월화수목금토일,2022-04-09,2022-10-29,B738
JNA,LJ574,CJU,TAE,11:15,12:20,월화수목금토일,2022-03-27,2022-10-29,B738
JNA,LJ575,TAE,CJU,16:15,17:25,월화수목금토일,2022-04-08,2022-10-29,B738
JNA,LJ576,CJU,TAE,14:35,15:40,월화수목금토일,2022-06-01,2022-10-29,B738
JNA,LJ577,TAE,CJU,20:00,21:05,월화수목금토일,2022-08-01,2022-10-29,B737
JNA,LJ578,CJU,TAE,18:20,19:25,월화수목금토일,2022-07-01,2022-10-29,B738
JNA,LJ579,TAE,CJU,15:25,16:35,월화수목금토일,2022-09-01,2022-10-29,B737
JNA,LJ580,CJU,TAE,13:35,14:35,월화수목금토일,2022-09-01,2022-10-29,B737
JNA,LJ582,CJU,CJJ,20:45,21:50,월화수목금토일,2022-04-21,2022-10-29,B738
JNA,LJ583,CJJ,CJU,08:35,09:40,월화수목금토일,2022-09-01,2022-10-29,B737
JNA,LJ584,CJU,CJJ,16:15,17:30,월화수목금토일,2022-07-01,2022-10-29,B738
JNA,LJ584,CJU,CJJ,16:15,17:30,목일,2022-09-01,2022-10-29,B737
JNA,LJ585,CJJ,CJU,18:25,19:40,월화수목금토일,2022-09-01,2022-10-29,B737
JNA,LJ586,CJU,CJJ,17:30,18:30,월화수목금토일,2022-08-01,2022-10-29,B738
JNA,LJ586,CJU,CJJ,17:30,18:30,목,2022-09-01,2022-10-29,B737
JNA,LJ586,CJU,CJJ,17:30,18:30,일,2022-09-01,2022-10-29,B737
JNA,LJ587,CJJ,CJU,19:30,20:40,월화수목금토일,2022-03-27,2022-10-29,B738
JNA,LJ591,KWJ,CJU,13:45,14:40,월화수목금토일,2022-09-01,2022-10-29,B737
JNA,LJ592,CJU,KWJ,07:15,08:15,월화수목금토일,2022-06-13,2022-10-29,B738
JNA,LJ593,KWJ,CJU,09:20,10:15,월화수목금토일,2022-06-02,2022-10-29,B738
JNA,LJ594,CJU,KWJ,19:05,20:00,월화목금토일,2022-03-27,2022-10-29,B738
JNA,LJ594,CJU,KWJ,18:55,19:55,수,2022-03-27,2022-10-29,B738
JNA,LJ595,KWJ,CJU,20:35,21:35,월화수목금토일,2022-06-01,2022-10-29,B738
JNA,LJ596,CJU,KWJ,12:00,12:55,월화수목금토일,2022-09-01,2022-10-29,B737
JNA,LJ597,KWJ,CJU,15:45,16:40,월화수목금토일,2022-03-27,2022-10-29,B738
JNA,LJ598,CJU,KWJ,14:15,15:10,월화수목금토일,2022-03-27,2022-10-29,B738
KAL,KE1001,PUS,CJU,07:05,08:00,월화수목금토일,2022-09-01,2022-10-29,B38M
KAL,KE1002,CJU,PUS,08:45,09:45,월화수목금토일,2022-09-01,2022-10-29,B38M
KAL,KE1005,PUS,CJU,09:50,10:50,월화수목금토일,2022-09-01,2022-09-30,B739
KAL,KE1007,PUS,CJU,10:20,11:20,월화수목금토일,2022-09-01,2022-10-29,B38M
KAL,KE1012,CJU,PUS,11:35,12:35,월화수목금토일,2022-09-01,2022-09-30,B739
KAL,KE1014,CJU,PUS,12:00,13:00,월화수목금토일,2022-09-01,2022-10-29,B38M
KAL,KE1015,PUS,CJU,13:20,14:20,월화수목금토일,2022-09-01,2022-09-30,B739
KAL,KE1017,PUS,CJU,14:00,15:00,월화수목금토일,2022-09-01,2022-10-29,B38M
KAL,KE1020,CJU,PUS,15:00,16:05,월화수목금토일,2022-09-01,2022-09-30,B739
KAL,KE1023,PUS,CJU,16:40,17:40,월화수목금토일,2022-09-01,2022-09-30,B739
KAL,KE1026,CJU,PUS,17:30,18:35,월화수목금토일,2022-09-01,2022-10-29,B38M
KAL,KE1027,PUS,CJU,19:15,20:15,월화수목금토일,2022-09-01,2022-10-29,B38M
KAL,KE1028,CJU,PUS,18:20,19:20,월화수목금토일,2022-09-01,2022-09-30,B739
KAL,KE1031,PUS,CJU,21:00,22:05,월화금토일,2022-03-27,2022-10-29,B738
KAL,KE1031,PUS,CJU,21:05,22:05,수목,2022-03-27,2022-10-29,B738
KAL,KE1032,CJU,PUS,19:25,20:25,월화수목금토일,2022-03-27,2022-10-29,B738
KAL,KE1036,CJU,PUS,21:05,22:05,월화수목금토일,2022-09-01,2022-10-29,B38M
KAL,KE1101,GMP,PUS,07:00,08:05,월화수목금토일,2022-03-27,2022-10-29,A220
KAL,KE1102,PUS,GMP,08:45,09:45,월화수목금토일,2022-03-27,2022-10-29,A220
KAL,KE1103,GMP,PUS,08:05,09:10,월화수목금토일,2022-03-27,2022-10-29,A220
KAL,KE1103,GMP,PUS,08:05,09:10,목,2022-09-15,2022-09-15,BCS3
KAL,KE1105,GMP,PUS,09:00,10:05,월화수목금토일,2022-03-27,2022-10-29,A220
KAL,KE1106,PUS,GMP,10:45,11:45,월화수목금토일,2022-03-27,2022-10-29,A220
KAL,KE1107,GMP,PUS,10:20,11:25,월화수목금토일,2022-08-01,2022-10-29,A220
KAL,KE1108,PUS,GMP,12:00,13:00,월화수목금토일,2022-03-27,2022-10-29,A220
KAL,KE1111,GMP,PUS,12:20,13:25,월화수목금토일,2022-03-27,2022-10-29,A220
KAL,KE1111,GMP,PUS,12:20,13:25,일,2022-09-01,2022-10-29,BCS3
KAL,KE1112,PUS,GMP,14:00,15:00,월화수목금토일,2022-03-27,2022-10-29,A220
KAL,KE1112,PUS,GMP,14:00,15:00,일,2022-09-01,2022-10-29,BCS3
KAL,KE1115,GMP,PUS,14:00,15:05,월화수목금토일,2022-03-27,2022-10-29,A220
KAL,KE1116,PUS,GMP,15:40,16:40,월화수목금토일,2022-03-27,2022-10-29,A220
KAL,KE1119,GMP,PUS,16:00,17:05,월화수목금토일,2022-03-27,2022-10-29,A220
KAL,KE1119,GMP,PUS,16:00,17:05,목,2022-09-15,2022-09-15,BCS3
KAL,KE1120,PUS,GMP,17:45,18:45,월화수목금토일,2022-03-27,2022-10-29,A220
KAL,KE1120,PUS,GMP,17:45,18:45,목,2022-09-15,2022-09-15,BCS3
KAL,KE1121,GMP,PUS,17:20,18:25,월화수목금토일,2022-03-27,2022-10-29,A220
KAL,KE1122,PUS,GMP,19:00,20:00,월화수목금토일,2022-03-27,2022-10-29,A220
KAL,KE1124,PUS,GMP,20:00,21:00,목,2022-09-15,2022-09-15,BCS3
KAL,KE1124,PUS,GMP,20:00,21:00,월화수목금토일,2022-03-27,2022-09-29,A220
KAL,KE1125,GMP,PUS,19:25,20:35,월화수목금토일,2022-03-27,2022-09-28,A220
KAL,KE1126,PUS,GMP,21:10,22:10,월화수목금토일,2022-03-27,2022-09-28,A220
KAL,KE1201,GMP,CJU,06:40,07:50,월화수목금토일,2022-03-27,2022-10-29,B738
KAL,KE1203,GMP,CJU,07:00,08:10,월화수목금토일,2022-09-01,2022-10-29,B737
KAL,KE1203,GMP,CJU,07:00,08:10,목,2022-09-15,2022-09-15,B38M
KAL,KE1204,CJU,GMP,07:00,08:10,월화수목금토일,2022-03-27,2022-10-29,B738
KAL,KE1205,GMP,CJU,07:30,08:40,월화수목금토일,2022-03-27,2022-10-29,B738
KAL,KE1207,GMP,CJU,08:10,09:20,월화수목금토일,2022-09-01,2022-10-29,B737
KAL,KE1208,CJU,GMP,08:40,09:50,월화수목금토일,2022-03-27,2022-10-29,B738
KAL,KE1209,GMP,CJU,07:15,08:25,월화수목금토일,2022-03-27,2022-10-29,B738
KAL,KE1210,CJU,GMP,09:10,10:20,월화수목금토일,2022-09-01,2022-10-29,B737
KAL,KE1210,CJU,GMP,09:10,10:20,목,2022-09-15,2022-09-15,B38M
KAL,KE1211,GMP,CJU,08:50,10:00,수,2022-03-27,2022-10-29,A333
KAL,KE1211,GMP,CJU,08:55,10:05,월화목금토일,2022-03-27,2022-10-29,A333
KAL,KE1212,CJU,GMP,09:20,10:30,월화수목금토일,2022-03-27,2022-10-29,B738
KAL,KE1213,GMP,CJU,09:00,10:10,월화수목금토일,2022-06-08,2022-10-29,B738
KAL,KE1215,GMP,CJU,09:30,10:40,월화수목금토일,2022-03-27,2022-10-29,A333
KAL,KE1216,CJU,GMP,10:05,11:15,월화수목금토일,2022-09-01,2022-10-29,B737
KAL,KE1219,GMP,CJU,10:35,11:50,월화수목금토일,2022-08-01,2022-10-29,B737
KAL,KE1220,CJU,GMP,10:55,12:05,월화수목금토일,2022-03-27,2022-10-29,A333
KAL,KE1221,GMP,CJU,10:40,11:55,월화수목금토일,2022-09-01,2022-10-29,B38M
KAL,KE1223,GMP,CJU,11:00,12:10,월화수목금토일,2022-09-01,2022-10-29,B737
KAL,KE1224,CJU,GMP,11:05,12:15,수,2022-03-27,2022-10-29,B738
KAL,KE1224,CJU,GMP,11:00,12:10,월화목금토일,2022-06-08,2022-10-29,B738
KAL,KE1225,GMP,CJU,11:20,12:30,월화수목금토일,2022-03-27,2022-10-29,B738
KAL,KE1226,CJU,GMP,11:15,12:25,월화수목금토일,2022-03-27,2022-10-29,B738
KAL,KE1227,GMP,CJU,11:55,13:05,월화수목금토일,2022-09-01,2022-10-29,B737
KAL,KE1228,CJU,GMP,11:30,12:40,월화수목금토일,2022-03-27,2022-10-29,A333
KAL,KE1230,CJU,GMP,12:25,13:35,월화수목금토일,2022-03-27,2022-10-29,B738
KAL,KE1231,GMP,CJU,12:45,13:55,월화목금토일,2022-03-27,2022-10-29,B738
KAL,KE1231,GMP,CJU,12:50,14:00,수,2022-03-27,2022-10-29,B738
KAL,KE1232,CJU,GMP,12:35,13:45,월화수목금토일,2022-09-01,2022-10-29,B38M
KAL,KE1234,CJU,GMP,13:00,14:10,월화수목금토일,2022-09-01,2022-10-29,B737
KAL,KE1235,GMP,CJU,13:00,14:10,월화수목금토일,2022-03-27,2022-10-29,A333
KAL,KE1236,CJU,GMP,13:20,14:30,월화수목금토일,2022-03-27,2022-10-29,B738
KAL,KE1237,GMP,CJU,13:20,14:30,월화수목금토일,2022-03-27,2022-10-29,B738
KAL,KE1238,CJU,GMP,13:45,14:55,월화수목금토일,2022-09-01,2022-10-29,B737
KAL,KE1239,GMP,CJU,13:35,14:45,월화수목금토일,2022-03-27,2022-10-29,A333
KAL,KE1241,GMP,CJU,14:10,15:20,월화수목금토일,2022-07-01,2022-10-29,B738
KAL,KE1242,CJU,GMP,14:40,15:50,월화수목금토일,2022-03-27,2022-10-29,B738
KAL,KE1243,GMP,CJU,14:20,15:30,월수금토일,2022-09-01,2022-10-29,B38M
KAL,KE1243,GMP,CJU,14:25,15:35,화목,2022-09-01,2022-10-29,B38M
KAL,KE1245,GMP,CJU,14:50,16:00,월화수목금토일,2022-09-01,2022-10-29,B737
KAL,KE1245,GMP,CJU,14:50,16:00,목,2022-09-15,2022-09-15,B38M
KAL,KE1246,CJU,GMP,15:00,16:10,월화수목금토일,2022-03-27,2022-10-29,A333
KAL,KE1247,GMP,CJU,15:10,16:20,월화수목금토일,2022-03-27,2022-10-29,B738
KAL,KE1248,CJU,GMP,15:40,16:50,월화수목금토일,2022-03-27,2022-10-29,A333
KAL,KE1249,GMP,CJU,15:35,16:45,월화수목금토일,2022-09-01,2022-10-29,B737
KAL,KE1250,CJU,GMP,16:10,17:20,월화수목금토일,2022-09-01,2022-10-29,B38M
KAL,KE1251,GMP,CJU,16:25,17:35,월화수목금토일,2022-03-27,2022-10-29,B738
KAL,KE1252,CJU,GMP,16:15,17:25,월화수목금토일,2022-07-01,2022-10-29,B738
KAL,KE1254,CJU,GMP,16:45,17:55,월화수목금토일,2022-09-01,2022-10-29,B737
KAL,KE1254,CJU,GMP,16:45,17:55,목,2022-09-15,2022-09-15,B38M
KAL,KE1255,GMP,CJU,17:05,18:15,월화수목금토일,2022-09-01,2022-10-29,A333
KAL,KE1256,CJU,GMP,17:00,18:05,월화수목금토일,2022-03-27,2022-10-29,B738
KAL,KE1258,CJU,GMP,17:35,18:45,월화수목금토일,2022-09-01,2022-10-29,B737
KAL,KE1259,GMP,CJU,17:50,19:00,월화수목금토일,2022-03-27,2022-10-29,A333
KAL,KE1262,CJU,GMP,18:15,19:25,월화수목금토일,2022-03-27,2022-10-29,B738
KAL,KE1263,GMP,CJU,18:20,19:30,월화수목금토일,2022-09-01,2022-10-29,A333
KAL,KE1265,GMP,CJU,18:35,19:45,월화수목금토일,2022-09-01,2022-10-29,B737
KAL,KE1266,CJU,GMP,19:05,20:15,월화수목금토일,2022-09-01,2022-10-29,A333
KAL,KE1267,GMP,CJU,18:55,20:10,월화수목금토일,2022-08-01,2022-10-29,B737
KAL,KE1267,GMP,CJU,18:55,20:10,목,2022-09-15,2022-09-15,B38M
KAL,KE1268,CJU,GMP,19:35,20:45,월화수목금토일,2022-03-27,2022-10-29,B738
KAL,KE1269,GMP,CJU,19:20,20:30,월화수목금토일,2022-09-01,2022-10-29,B737
KAL,KE1269,GMP,CJU,19:20,20:30,목,2022-09-15,2022-09-15,B38M
KAL,KE1270,CJU,GMP,20:30,21:40,화수목금토일,2022-09-01,2022-10-29,B737
KAL,KE1270,CJU,GMP,20:40,21:50,월,2022-09-01,2022-10-29,B737
KAL,KE1272,CJU,GMP,19:50,21:00,월화수목금토일,2022-03-27,2022-10-29,A333
KAL,KE1273,GMP,CJU,20:30,21:40,월화수목금토일,2022-03-27,2022-10-29,B738
KAL,KE1274,CJU,GMP,20:20,21:30,월화수목금토일,2022-09-01,2022-10-29,A333
KAL,KE1276,CJU,GMP,20:50,22:00,월화수목금토일,2022-03-27,2022-10-29,B738
KAL,KE1276,CJU,GMP,20:50,22:00,목,2022-09-15,2022-09-15,B38M
KAL,KE1278,CJU,GMP,21:15,22:25,월화수목금토일,2022-09-01,2022-10-29,B737
KAL,KE1278,CJU,GMP,21:15,22:25,목,2022-09-15,2022-09-15,B38M
KAL,KE1280,CJU,GMP,10:20,11:30,금일,2022-08-01,2022-10-29,A220
KAL,KE1281,GMP,CJU,07:20,08:30,토일,2022-08-01,2022-10-29,A220
KAL,KE1282,CJU,GMP,10:25,11:35,금토일,2022-09-02,2022-09-25,B739
KAL,KE1283,GMP,CJU,08:30,09:40,토일,2022-08-01,2022-10-29,A220
KAL,KE1284,CJU,GMP,14:25,15:35,금,2022-07-30,2022-10-29,A220
KAL,KE1284,CJU,GMP,12:50,14:00,토,2022-07-31,2022-10-29,A220
KAL,KE1284,CJU,GMP,10:40,11:50,일,2022-08-01,2022-10-29,A220
KAL,KE1284,CJU,GMP,12:00,13:10,수,2022-07-28,2022-10-29,A220
KAL,KE1285,GMP,CJU,08:35,09:45,금토일,2022-09-02,2022-09-25,B739
KAL,KE1285,GMP,CJU,08:35,09:45,월수,2022-09-02,2022-09-25,BCS3
KAL,KE1286,CJU,GMP,14:30,15:40,월화수목금토일,2022-09-01,2022-09-25,B739
KAL,KE1287,GMP,CJU,11:50,13:00,금,2022-06-25,2022-10-29,A220
KAL,KE1288,CJU,GMP,14:35,15:45,금,2022-06-25,2022-10-29,A220
KAL,KE1289,GMP,CJU,12:25,13:30,화토,2022-06-29,2022-10-29,A220
KAL,KE1289,GMP,CJU,12:40,13:50,금,2022-07-30,2022-10-29,A220
KAL,KE1290,CJU,GMP,16:25,17:35,화토,2022-06-29,2022-10-29,A220
KAL,KE1290,CJU,GMP,16:00,17:10,월,2022-07-26,2022-10-29,A220
KAL,KE1291,GMP,CJU,12:20,13:30,월화수목금토일,2022-09-01,2022-09-25,B739
KAL,KE1292,CJU,GMP,17:05,18:15,금일,2022-08-01,2022-10-29,A220
KAL,KE1292,CJU,GMP,16:55,18:05,화목토일,2022-07-31,2022-10-29,A220
KAL,KE1293,GMP,CJU,15:00,16:10,금,2022-07-30,2022-10-29,A220
KAL,KE1293,GMP,CJU,14:55,16:00,화목토일,2022-08-01,2022-10-29,A220
KAL,KE1294,CJU,GMP,18:00,19:10,월화금토일,2022-08-01,2022-10-29,A220
KAL,KE1295,GMP,CJU,16:10,17:20,월화금토일,2022-08-01,2022-10-29,A220
KAL,KE1296,CJU,GMP,20:40,21:50,수,2022-07-28,2022-10-29,A220
KAL,KE1296,CJU,GMP,19:15,20:25,목금토일,2022-09-01,2022-09-25,B739
KAL,KE1296,CJU,GMP,19:15,20:25,화,2022-09-01,2022-09-25,BCS3
KAL,KE1296,CJU,GMP,19:15,20:25,목,2022-09-15,2022-09-15,B739
KAL,KE1297,GMP,CJU,16:50,18:00,수,2022-07-28,2022-10-29,A220
KAL,KE1297,GMP,CJU,17:15,18:25,목금토일,2022-09-01,2022-09-25,B739
KAL,KE1297,GMP,CJU,17:15,18:25,화,2022-09-01,2022-09-25,BCS3
KAL,KE1297,GMP,CJU,17:15,18:25,목,2022-09-15,2022-09-15,B739
KAL,KE1601,GMP,USN,07:25,08:25,월화수목금토일,2022-03-27,2022-10-29,A220
KAL,KE1602,USN,GMP,09:05,10:05,월화수목금토일,2022-03-27,2022-10-29,A220
KAL,KE1607,GMP,USN,18:00,19:00,월화수목금토일,2022-03-27,2022-10-29,A220
KAL,KE1608,USN,GMP,19:40,20:40,월화수목금토일,2022-03-27,2022-10-29,A220
KAL,KE1902,CJU,KWJ,09:10,10:05,월화수목금토일,2022-03-27,2022-10-29,B738
KAL,KE1903,KWJ,CJU,10:40,11:35,월화수목금토일,2022-03-27,2022-10-29,B738
KAL,KE1906,CJU,KWJ,16:10,17:05,월화수목금토일,2022-03-27,2022-10-29,B738
KAL,KE1907,KWJ,CJU,17:40,18:30,월화수목금토일,2022-03-27,2022-10-29,B738
KAL,KE1952,CJU,CJJ,07:00,08:10,월화수목금토일,2022-03-27,2022-10-29,B738
KAL,KE1953,CJJ,CJU,09:10,10:15,월화수목금토일,2022-03-27,2022-10-29,B738
KAL,KE1954,CJU,CJJ,12:15,13:20,월화수목금토일,2022-03-27,2022-10-29,B738
KAL,KE1955,CJJ,CJU,14:00,15:10,월화수목금토일,2022-03-27,2022-10-29,B738
KAL,KE1956,CJU,CJJ,15:20,16:30,월화수목금토일,2022-03-27,2022-10-29,B738
KAL,KE1957,CJJ,CJU,17:40,18:50,월화수목금토일,2022-03-27,2022-10-29,B738
TWB,TW701,GMP,CJU,06:20,07:30,수금일,2022-03-28,2022-10-29,B738
TWB,TW701,GMP,CJU,06:40,07:50,월화목토,2022-03-27,2022-10-29,B738
TWB,TW702,CJU,GMP,07:55,09:05,월화수목금토일,2022-03-27,2022-10-29,B738
TWB,TW703,GMP,CJU,07:00,08:10,월화수목금토일,2022-07-01,2022-10-29,B738
TWB,TW704,CJU,GMP,08:25,09:35,수,2022-03-27,2022-10-29,B738
TWB,TW705,GMP,CJU,08:00,09:15,월화수목금토일,2022-09-01,2022-10-29,A333
TWB,TW706,CJU,GMP,08:45,09:55,월화수목금토일,2022-07-01,2022-10-29,B738
TWB,TW707,GMP,CJU,09:45,10:55,월화수목금토일,2022-03-27,2022-10-29,B738
TWB,TW708,CJU,GMP,10:00,11:10,월화수목금토일,2022-09-01,2022-10-29,A333
TWB,TW709,GMP,CJU,10:30,11:40,화목토,2022-03-27,2022-10-29,B738
TWB,TW710,CJU,GMP,11:05,12:15,월화수목금토일,2022-03-27,2022-10-29,B738
TWB,TW711,GMP,CJU,10:55,12:05,수,2022-03-27,2022-10-29,B738
TWB,TW712,CJU,GMP,11:35,12:45,월화수목금토일,2022-09-01,2022-10-29,B738
TWB,TW713,GMP,CJU,11:45,12:55,월화수목금토일,2022-07-01,2022-10-29,B738
TWB,TW714,CJU,GMP,11:40,12:50,화토,2022-03-27,2022-10-29,B738
TWB,TW715,GMP,CJU,12:50,14:00,월화수목금토일,2022-03-27,2022-10-29,B738
TWB,TW716,CJU,GMP,12:15,13:25,화목토,2022-03-27,2022-10-29,B738
TWB,TW717,GMP,CJU,13:05,14:15,월화수목금토일,2022-09-01,2022-10-29,A333
TWB,TW718,CJU,GMP,12:45,13:55,월수목금일,2022-03-27,2022-10-29,B738
TWB,TW719,GMP,CJU,13:25,14:35,화토,2022-03-27,2022-10-29,B738
TWB,TW720,CJU,GMP,13:30,14:40,월화수목금토일,2022-07-01,2022-10-29,B738
TWB,TW721,GMP,CJU,14:05,15:15,화목토,2022-03-27,2022-10-29,B738
TWB,TW722,CJU,GMP,15:15,16:25,월화수목금토일,2022-09-01,2022-10-29,A333
TWB,TW723,GMP,CJU,14:35,15:45,월수목금일,2022-03-27,2022-10-29,B738
TWB,TW724,CJU,GMP,15:50,17:00,화목토,2022-03-27,2022-10-29,B738
TWB,TW725,GMP,CJU,15:15,16:25,월수목금토일,2022-07-01,2022-10-29,B738
TWB,TW725,GMP,CJU,15:25,16:35,화,2022-07-01,2022-10-29,B738
TWB,TW726,CJU,GMP,16:20,17:30,월화수목금토일,2022-03-27,2022-10-29,B738
TWB,TW727,GMP,CJU,17:25,18:35,월화수목금토일,2022-09-01,2022-10-29,B738
TWB,TW728,CJU,GMP,17:05,18:15,수금,2022-07-01,2022-10-29,B738
TWB,TW728,CJU,GMP,17:15,18:25,월화목토일,2022-07-01,2022-10-29,B738
TWB,TW729,GMP,CJU,17:40,18:50,화목,2022-07-01,2022-10-29,B738
TWB,TW729,GMP,CJU,17:30,18:40,금,2022-09-01,2022-10-29,A333
TWB,TW730,CJU,GMP,19:25,20:35,화목,2022-07-01,2022-10-29,B738
TWB,TW730,CJU,GMP,19:30,20:40,금,2022-09-01,2022-10-29,A333
TWB,TW731,GMP,CJU,18:10,19:20,금,2022-03-27,2022-10-29,B738
TWB,TW731,GMP,CJU,17:50,19:05,월화수목금일,2022-09-01,2022-10-29,A333
TWB,TW732,CJU,GMP,19:55,21:10,월화수목금일,2022-09-01,2022-10-29,A333
TWB,TW733,GMP,CJU,18:25,19:35,월수금일,2022-07-01,2022-10-29,B738
TWB,TW734,CJU,GMP,20:45,21:55,토,2022-07-01,2022-10-29,B738
TWB,TW734,CJU,GMP,20:30,21:40,월수금일,2022-07-01,2022-10-29,B738
TWB,TW734,CJU,GMP,20:45,21:55,화목,2022-03-27,2022-10-29,B738
TWB,TW735,GMP,CJU,19:00,20:10,토,2022-07-01,2022-10-29,B738
TWB,TW735,GMP,CJU,19:00,20:10,월화목일,2022-03-27,2022-10-29,B738
TWB,TW735,GMP,CJU,18:50,20:00,수금,2022-03-27,2022-10-29,B738
TWB,TW736,CJU,GMP,21:05,22:15,월수금일,2022-03-27,2022-10-29,B738
TWB,TW737,GMP,CJU,14:20,15:30,화목토,2022-03-27,2022-10-29,B738
TWB,TW737,GMP,CJU,14:20,15:35,일,2022-03-27,2022-10-29,B738
TWB,TW737,GMP,CJU,16:10,17:20,월수금,2022-03-27,2022-10-29,B738
TWB,TW738,CJU,GMP,08:25,09:40,월화수목금토일,2022-03-27,2022-10-29,B738
TWB,TW740,CJU,GMP,18:10,19:15,월화수목금토일,2022-03-27,2022-10-29,B738
TWB,TW741,GMP,CJU,19:55,21:05,월화목,2022-06-20,2022-10-29,B738
TWB,TW741,GMP,CJU,19:55,21:00,수일,2022-06-20,2022-10-29,B738
TWB,TW741,GMP,CJU,19:55,21:00,금토,2022-07-01,2022-10-29,B738
TWB,TW743,GMP,CJU,11:30,12:40,일,2022-03-27,2022-10-29,B738
TWB,TW743,GMP,CJU,11:55,13:05,수,2022-03-27,2022-10-29,B738
TWB,TW743,GMP,CJU,13:55,15:05,금,2022-03-27,2022-10-29,B738
TWB,TW743,GMP,CJU,11:30,12:40,화,2022-08-30,2022-10-29,B738
TWB,TW743,GMP,CJU,11:30,12:40,목,2022-09-01,2022-10-29,B738
TWB,TW744,CJU,GMP,19:30,20:40,일,2022-05-08,2022-10-29,B738
TWB,TW744,CJU,GMP,19:30,20:40,수,2022-03-27,2022-10-29,B738
TWB,TW744,CJU,GMP,19:30,20:40,금,2022-03-27,2022-10-29,B738
TWB,TW744,CJU,GMP,16:00,17:10,화,2022-08-30,2022-10-29,B738
TWB,TW744,CJU,GMP,14:00,15:10,목,2022-09-01,2022-10-29,B738
TWB,TW801,TAE,CJU,06:20,07:20,월화수목금토일,2022-03-27,2022-10-29,B738
TWB,TW802,CJU,TAE,08:00,08:55,수,2022-03-27,2022-10-29,B738
TWB,TW802,CJU,TAE,08:25,09:25,월화목금토일,2022-03-27,2022-10-29,B738
TWB,TW803,TAE,CJU,06:30,07:30,수,2022-03-27,2022-10-29,B738
TWB,TW803,TAE,CJU,08:55,09:55,월화목금토일,2022-03-27,2022-10-29,B738
TWB,TW804,CJU,TAE,14:45,15:50,월화수목금토일,2022-03-27,2022-10-29,B738
TWB,TW805,TAE,CJU,09:35,10:35,수,2022-03-27,2022-10-29,B738
TWB,TW805,TAE,CJU,10:05,11:05,월화목금토일,2022-03-27,2022-10-29,B738
TWB,TW806,CJU,TAE,18:05,19:05,월화수목금토일,2022-03-27,2022-10-29,B738
TWB,TW807,TAE,CJU,16:25,17:30,월화수목금토일,2022-03-27,2022-10-29,B738
TWB,TW808,CJU,TAE,19:10,20:10,월화수목금토일,2022-03-27,2022-10-29,B738
TWB,TW811,TAE,CJU,06:25,07:30,화,2022-03-27,2022-10-29,B738
TWB,TW811,TAE,CJU,06:25,07:25,금일,2022-07-01,2022-10-29,B738
TWB,TW811,TAE,CJU,06:40,07:40,수,2022-03-27,2022-10-29,B738
TWB,TW816,CJU,TAE,21:35,22:35,월화목,2022-03-27,2022-10-29,B738
TWB,TW816,CJU,TAE,21:40,22:40,금,2022-07-01,2022-10-29,B738
TWB,TW821,CJJ,CJU,09:05,10:15,월화수목금토일,2022-08-01,2022-10-29,B738
TWB,TW822,CJU,CJJ,10:50,12:00,월화수목금토일,2022-03-27,2022-10-29,B738
TWB,TW823,CJJ,CJU,12:30,13:40,화수목토일,2022-03-27,2022-10-29,B738
TWB,TW824,CJU,CJJ,15:05,16:10,일,2022-03-27,2022-10-29,B738
TWB,TW824,CJU,CJJ,14:55,16:05,수목,2022-08-01,2022-10-29,B738
TWB,TW824,CJU,CJJ,14:55,16:05,화토,2022-08-01,2022-10-29,B738
TWB,TW825,CJJ,CJU,13:50,14:55,화목토,2022-06-30,2022-10-29,B738
TWB,TW825,CJJ,CJU,13:55,15:05,월수금일,2022-08-01,2022-10-29,B738
TWB,TW826,CJU,CJJ,16:10,17:20,월화수목금토일,2022-06-30,2022-10-29,B738
TWB,TW826,CJU,CJJ,16:00,17:05,화토,2022-08-01,2022-10-29,B738
TWB,TW827,CJJ,CJU,19:10,20:20,월,2022-05-01,2022-10-29,B738
TWB,TW827,CJJ,CJU,19:25,20:35,화수목금토일,2022-08-01,2022-10-29,B738
TWB,TW828,CJU,CJJ,21:10,22:20,월화수목금토일,2022-03-27,2022-10-29,B738
TWB,TW837,CJJ,CJU,18:10,19:15,월화수목금토일,2022-09-12,2022-09-15,B738
TWB,TW838,CJU,CJJ,20:10,21:20,월수금토일,2022-07-01,2022-10-29,B738
TWB,TW838,CJU,CJJ,19:50,21:00,화목,2022-07-01,2022-10-29,B738
TWB,TW9011,GMP,PUS,11:35,12:45,월화수목금토일,2022-09-05,2022-10-29,B738
TWB,TW9012,PUS,GMP,10:00,11:00,월화수목금,2022-09-01,2022-10-29,B738
TWB,TW9012,PUS,GMP,10:00,11:00,토일,2022-09-05,2022-10-29,B738
TWB,TW9015,GMP,PUS,15:20,16:20,월화수목금토일,2022-09-01,2022-10-29,B738
TWB,TW9016,PUS,GMP,16:55,17:55,월화수목금토일,2022-09-01,2022-10-29,B738
TWB,TW9017,GMP,PUS,18:25,19:30,월화수목금,2022-09-01,2022-09-30,B738
TWB,TW9017,GMP,PUS,18:25,19:30,일,2022-09-01,2022-10-29,B738
TWB,TW9017,GMP,PUS,19:00,20:00,토,2022-09-01,2022-10-29,B738
TWB,TW9018,PUS,GMP,13:45,14:45,월화수목금토일,2022-09-01,2022-10-29,B738
TWB,TW903,KWJ,CJU,12:00,12:55,월화수목금토일,2022-09-01,2022-10-29,B738
TWB,TW906,CJU,KWJ,13:25,14:15,화목토일,2022-03-27,2022-10-29,B738
TWB,TW906,CJU,KWJ,15:05,15:55,월수,2022-03-27,2022-10-29,B738
TWB,TW906,CJU,KWJ,13:35,14:25,금,2022-03-27,2022-10-29,B738
TWB,TW923,KWJ,YNY,08:30,09:40,월화수목금토일,2022-07-01,2022-10-29,B738
TWB,TW923,KWJ,YNY,08:30,09:40,월화수목금토일,2022-07-22,2022-10-29,B738
TWB,TW923,KWJ,YNY,08:30,09:40,목,2022-09-15,2022-09-15,B738
TWB,TW924,YNY,KWJ,10:15,11:25,월화수목금토일,2022-07-01,2022-10-29,B738
TWB,TW924,YNY,KWJ,10:15,11:25,월화수목금토일,2022-07-22,2022-10-29,B738
TWB,TW924,YNY,KWJ,10:15,11:25,목,2022-09-15,2022-09-15,B738
TWB,TW9312,PUS,GMP,21:05,22:05,토,2022-09-01,2022-10-29,B738
TWB,TW9312,PUS,GMP,21:05,22:05,일,2022-09-01,2022-09-30,B738
TWB,TW9313,GMP,PUS,10:35,11:35,월화수목금토일,2022-09-01,2022-10-29,B738
TWB,TW9315,GMP,PUS,19:20,20:20,토,2022-09-01,2022-10-29,B738
TWB,TW9315,GMP,PUS,19:20,20:20,일,2022-09-01,2022-09-30,B738
TWB,TW9472,PUS,GMP,15:05,16:05,월,2022-09-01,2022-10-29,B738
TWB,TW9474,PUS,GMP,12:10,13:10,월화수목금토일,2022-09-01,2022-10-29,B738
TWB,TW9521,GMP,PUS,13:05,14:00,월,2022-09-01,2022-10-29,B738
TWB,TW9524,PUS,GMP,20:00,21:05,월화수목금,2022-09-01,2022-09-30,B738
TWB,TW9524,PUS,GMP,20:35,21:35,토,2022-09-01,2022-10-29,B738
TWB,TW9524,PUS,GMP,20:05,21:05,일,2022-09-01,2022-10-29,B738
TWB,TW9525,GMP,PUS,07:55,09:00,월화수목금토일,2022-09-01,2022-10-29,B738
TWB,TW9701,GMP,CJU,12:25,13:35,토,2022-09-03,2022-09-17,B738
TWB,TW9701,GMP,CJU,18:30,19:40,월화수목금,2022-09-01,2022-09-30,B738
TWB,TW9702,CJU,GMP,20:05,21:15,토,2022-09-03,2022-09-17,B738
TWB,TW9702,CJU,GMP,20:20,21:25,월화수목금,2022-09-01,2022-09-30,B738
TWB,TW9732,CJU,GMP,21:20,22:30,토,2022-09-01,2022-10-29,B738
TWB,TW9811,TAE,CJU,06:35,07:30,월목토,2022-09-01,2022-10-29,B738
TWB,TW9816,CJU,TAE,21:35,22:35,수금일,2022-09-01,2022-10-29,B738
TWB,TW9823,CJJ,CJU,12:30,13:40,월,2022-09-01,2022-09-30,B738
TWB,TW9823,CJJ,CJU,13:00,14:05,금,2022-09-01,2022-09-30,B738
TWB,TW9824,CJU,CJJ,14:55,16:05,월금,2022-09-01,2022-09-30,B738
